Arguments: 
  /nix/store/sxw7i3pyw8v1ycw2sph0zq2byh1prrwm-nodejs-20.18.1/bin/node /usr/local/bin/yarn install

PATH: 
  /nix/store/888bkaqdpfpx72dd8bdc69qsqlgbhcvf-gcc-wrapper-13.3.0/bin:/nix/store/62qjb50708fdhb4f2y7zxyqr1afir4fk-gcc-13.3.0/bin:/nix/store/29mb4q8b5306f4gk2wh38h0c1akb0n97-glibc-2.40-36-bin/bin:/nix/store/6wgd8c9vq93mqxzc7jhkl86mv6qbc360-coreutils-9.5/bin:/nix/store/qlzvmgr8w9prdlyys7irqf86p7bndf5b-binutils-wrapper-2.43.1/bin:/nix/store/vk4mlknqk9yjbqa68a7rvpfxfdw3rad7-binutils-2.43.1/bin:/nix/store/j7jkidff8hcxf8sw6mvf5q9yg3dvnraj-holochain-0.4.2/bin:/nix/store/98nia17j5vw4q7yfx7780qk5lr1bm7az-lair-keystore-0.5.3/bin:/nix/store/7ygpb3b7b3b2j5p3r9agpdxya8vvx4av-hc-launch-0.400.0-rc.1/bin:/nix/store/bs3b37vgk8fbjgn6q0i96pwb9k2nlw05-hc-scaffold-0.4000.4/bin:/nix/store/g0bcgyjq42k4n820yy7b042bbagfbfcw-hn-introspect/bin:/nix/store/3s1qrl7d2w03iwg2m5ha9fr1kzsjhb2f-rust-minimal-1.81.0/bin:/nix/store/sxw7i3pyw8v1ycw2sph0zq2byh1prrwm-nodejs-20.18.1/bin:/nix/store/6r498zgq3n6k0c0balkb5m51h4f0m5hq-binaryen-118/bin:/nix/store/wnl9qpnhayry14lhcbdafhadsjwsdr6p-patchelf-0.15.0/bin:/nix/store/6wgd8c9vq93mqxzc7jhkl86mv6qbc360-coreutils-9.5/bin:/nix/store/r99d2m4swgmrv9jvm4l9di40hvanq1aq-findutils-4.10.0/bin:/nix/store/3sln66ij8pg114apkd8p6nr04y37q5z2-diffutils-3.10/bin:/nix/store/yq39xdwm4z0fhx7dsm8mlpgvcz3vbfg3-gnused-4.9/bin:/nix/store/vniy1y5n8g28c55y7788npwc4h09fh7c-gnugrep-3.11/bin:/nix/store/scgfwh3z1s3l2vhvyjsgfgx5ql552sls-gawk-5.3.1/bin:/nix/store/0wqn2k3v5xzrc9rwinijdyr2ywwl82x4-gnutar-1.35/bin:/nix/store/5y240z436gf3rwmkwbhn1a17pqw509w4-gzip-1.13/bin:/nix/store/1yyryxp7mh7zsciapi8f1n0mnxkigmf8-bzip2-1.0.8-bin/bin:/nix/store/hbzw8k8ygv6bfzvsvnd4gb8qmm8xjbvn-gnumake-4.4.1/bin:/nix/store/gwgqdl0242ymlikq9s9s62gkp5cvyal3-bash-5.2p37/bin:/nix/store/rfrjws98w6scfx7m63grb0m6sg925ahd-patch-2.7.6/bin:/nix/store/4i4mjaf7z6gddspar487grxk5k1j4dcd-xz-5.6.3-bin/bin:/nix/store/9wbpsj6ksd16x1qdqs29xli1dpz3fnl0-file-5.45/bin:/home/leo/.rbenv/shims:/home/leo/.local/share/pnpm:/home/leo/.nvm/versions/node/v20.18.0/bin:/home/leo/.rbenv/shims:/home/leo/.rbenv/bin:/home/leo/.cargo/bin:/home/leo/.nix-profile/bin:/home/leo/.local/bin:/usr/local/sbin:/usr/local/bin:/usr/sbin:/usr/bin:/sbin:/bin:/usr/games:/usr/local/games:/snap/bin:/snap/bin

Yarn version: 
  1.22.19

Node version: 
  20.18.1

Platform: 
  linux x64

Trace: 
  Error: ENOENT: no such file or directory, stat '/home/leo/hApps/hrea2/hREA/modules/vf-graphql-holochain/node_modules/@holochain/client'

npm manifest: 
  {
    "name": "hrea-dev",
    "private": true,
    "workspaces": [
      "ui",
      "tests",
      "modules/vf-graphql-holochain"
    ],
    "scripts": {
      "start": "AGENTS=2 BOOTSTRAP_PORT=28134 SIGNAL_PORT=29283 yarn run network",
      "dev": "VITE_ADMIN_PORT=22994 VITE_APP_PORT=29281 SIGNAL_PORT=29283 BOOTSTRAP_PORT=28134 UI_PORT=8888 yarn run x",
      "dev:online": "VITE_ADMIN_PORT=22994 VITE_APP_PORT=29281 SIGNAL_PORT=29283 BOOTSTRAP_PORT=28134 UI_PORT=8888 yarn run x:online",
      "x": "hc s clean && yarn run build:happ && UI_PORT=8888 concurrently \"yarn workspace ui start\" \"yarn run start:happ\" \"hc run-local-services -b $BOOTSTRAP_PORT -s $SIGNAL_PORT\"",
      "x:online": "hc s clean &&  yarn run build:happ && UI_PORT=8888 concurrently \"yarn workspace ui start\" \"yarn run start:happ:online\"",
      "network": "hc s clean && yarn run build:happ && UI_PORT=8888 concurrently \"yarn workspace ui start\" \"yarn run launch:happ\" \"holochain-playground\"",
      "network:online": "hc s clean && yarn run build:happ && UI_PORT=8888 concurrently \"yarn workspace ui start\" \"yarn run launch:online\" \"holochain-playground\"",
      "test": "yarn run build:zomes && hc app pack workdir --recursive && yarn workspace tests run test",
      "launch:happ1": "echo \"pass\" | RUST_LOG=warn hc launch --piped -n $AGENTS workdir/hrea.happ --ui-port $UI_PORT network mem",
      "launch:happ": "hc-spin -n $AGENTS workdir/hrea.happ --ui-port $UI_PORT ",
      "package": "rm -f ui/dist.zip && rm -rf ui/dist && yarn run build:happ && yarn workspace ui package && hc web-app pack workdir --recursive",
      "start:happ": "echo \"starting with admin $VITE_ADMIN_PORT\" && RUST_LOG=warn echo \"pass\" | hc s -f=$VITE_ADMIN_PORT --piped generate workdir/hrea.happ --run=$VITE_APP_PORT -a hrea network -b \"http://127.0.0.1:$BOOTSTRAP_PORT\"  webrtc \"ws://127.0.0.1:$SIGNAL_PORT\"",
      "start:happ:online": "echo \"starting with admin $VITE_ADMIN_PORT\" && RUST_LOG=warn echo \"pass\" | hc s -f=$VITE_ADMIN_PORT --piped generate workdir/hrea.happ  -s 1234 --run=$VITE_APP_PORT -a hrea network -b \"https://bootstrap.holo.host/\" webrtc \"wss://signal-2.infra.holochain.org\"",
      "build:happ": "yarn run build:zomes && hc app pack workdir --recursive",
      "build:zomes": "RUSTFLAGS='' CARGO_TARGET_DIR=target cargo build --release --target wasm32-unknown-unknown",
      "build:graphql:adapter": "cd modules/vf-graphql-holochain && yarn run build",
      "build:graphql:client": "cd modules/graphql-client && yarn run build",
      "upgrade-modules": "scripts/upgrade-modules.sh"
    },
    "devDependencies": {
      "@holochain/hc-spin": "^0.300.3",
      "@holochain-playground/cli": "^0.1.1",
      "concurrently": "^6.2.1",
      "rimraf": "^3.0.2"
    },
    "engines": {
      "yarn": ">=1.0.0"
    },
    "dependencies": {
      "svelte-icons": "^2.1.0",
      "twilio": "^4.10.0"
    }
  }

yarn manifest: 
  No manifest

Lockfile: 
  # THIS IS AN AUTOGENERATED FILE. DO NOT EDIT THIS FILE DIRECTLY.
  # yarn lockfile v1
  
  
  "@babel/runtime@^7.21.0":
    version "7.27.1"
    resolved "https://registry.yarnpkg.com/@babel/runtime/-/runtime-7.27.1.tgz#9fce313d12c9a77507f264de74626e87fd0dc541"
    integrity sha512-1x3D2xEk2fRo3PAhwQwu5UubzgiVWSXTBfWpVd2Mx2AzRqJuDJCsgaDVZ7HB5iGzDW1Hl1sWN2mFyKjmR9uAog==
  
  "@bitgo/blake2b-wasm@^3.2.3":
    version "3.2.3"
    resolved "https://registry.yarnpkg.com/@bitgo/blake2b-wasm/-/blake2b-wasm-3.2.3.tgz#6ae5e942f2a5fd5b3ed27103af5df0ed50adfbc9"
    integrity sha512-NaurBrMaEpjfg7EdUJgW/c6byt27O6q1ZaxB5Ita10MjjYjUu0SyYF4q7JPNxpHF/lMxb0YZakOxigbDBu9Jjw==
    dependencies:
      nanoassert "^1.0.0"
  
  "@bitgo/blake2b@^3.2.4":
    version "3.2.4"
    resolved "https://registry.yarnpkg.com/@bitgo/blake2b/-/blake2b-3.2.4.tgz#6440992affdeabc22b2de8b8f381f51b551dd513"
    integrity sha512-46PEgEVPxecNJ/xczggIllSxIkFIvvbVM0OfIDdNJ5qpFHUeBCkNIiGdzC3fYZlsv7bVTdUZOj79GcFBLMYBqA==
    dependencies:
      "@bitgo/blake2b-wasm" "^3.2.3"
      nanoassert "^2.0.0"
  
  "@colors/colors@1.6.0", "@colors/colors@^1.6.0":
    version "1.6.0"
    resolved "https://registry.yarnpkg.com/@colors/colors/-/colors-1.6.0.tgz#ec6cd237440700bc23ca23087f513c75508958b0"
    integrity sha512-Ir+AOibqzrIsL6ajt3Rz3LskB7OiMVHqltZmspbW/TJuTVuyOMirVqAkjfY6JISiLHgyNqicAC8AyHHGzNd/dA==
  
  "@cspotcode/source-map-support@^0.8.0":
    version "0.8.1"
    resolved "https://registry.yarnpkg.com/@cspotcode/source-map-support/-/source-map-support-0.8.1.tgz#00629c35a688e05a88b1cda684fb9d5e73f000a1"
    integrity sha512-IchNf6dN4tHoMFIn/7OE8LWZ19Y6q/67Bmf6vnGREv8RSbBVb9LPJxEcnwrcwX6ixSvaiGoomAUvu4YSxXrVgw==
    dependencies:
      "@jridgewell/trace-mapping" "0.3.9"
  
  "@dabh/diagnostics@^2.0.2":
    version "2.0.3"
    resolved "https://registry.yarnpkg.com/@dabh/diagnostics/-/diagnostics-2.0.3.tgz#7f7e97ee9a725dffc7808d93668cc984e1dc477a"
    integrity sha512-hrlQOIi7hAfzsMqlGSFyVucrx38O+j6wiGOf//H2ecvIEqYN4ADBSS2iLMh5UFyDunCNniUIPk/q3riFv45xRA==
    dependencies:
      colorspace "1.1.x"
      enabled "2.0.x"
      kuler "^2.0.0"
  
  "@electron-toolkit/preload@^3.0.0":
    version "3.0.2"
    resolved "https://registry.yarnpkg.com/@electron-toolkit/preload/-/preload-3.0.2.tgz#ee5bb33aba48741c5bc539a9a6faad0be455465e"
    integrity sha512-TWWPToXd8qPRfSXwzf5KVhpXMfONaUuRAZJHsKthKgZR/+LqX1dZVSSClQ8OTAEduvLGdecljCsoT2jSshfoUg==
  
  "@electron-toolkit/utils@^3.0.0":
    version "3.0.0"
    resolved "https://registry.yarnpkg.com/@electron-toolkit/utils/-/utils-3.0.0.tgz#74626893d93025eacba086d497b615cf927d42c4"
    integrity sha512-GaXHDhiT7KCvMJjXdp/QqpYinq69T/Pdl49Z1XLf8mKGf63dnsODMWyrmIjEQ0z/vG7dO8qF3fvmI6Eb2lUNZA==
  
  "@electron/get@^2.0.0":
    version "2.0.3"
    resolved "https://registry.yarnpkg.com/@electron/get/-/get-2.0.3.tgz#fba552683d387aebd9f3fcadbcafc8e12ee4f960"
    integrity sha512-Qkzpg2s9GnVV2I2BjRksUi43U5e6+zaQMcjoJy0C+C5oxaKl+fmckGDQFtRpZpZV0NQekuZZ+tGz7EA9TVnQtQ==
    dependencies:
      debug "^4.1.1"
      env-paths "^2.2.0"
      fs-extra "^8.1.0"
      got "^11.8.5"
      progress "^2.0.3"
      semver "^6.2.0"
      sumchecker "^3.0.1"
    optionalDependencies:
      global-agent "^3.0.0"
  
  "@esbuild/android-arm64@0.18.20":
    version "0.18.20"
    resolved "https://registry.yarnpkg.com/@esbuild/android-arm64/-/android-arm64-0.18.20.tgz#984b4f9c8d0377443cc2dfcef266d02244593622"
    integrity sha512-Nz4rJcchGDtENV0eMKUNa6L12zz2zBDXuhj/Vjh18zGqB44Bi7MBMSXjgunJgjRhCmKOjnPuZp4Mb6OKqtMHLQ==
  
  "@esbuild/android-arm@0.18.20":
    version "0.18.20"
    resolved "https://registry.yarnpkg.com/@esbuild/android-arm/-/android-arm-0.18.20.tgz#fedb265bc3a589c84cc11f810804f234947c3682"
    integrity sha512-fyi7TDI/ijKKNZTUJAQqiG5T7YjJXgnzkURqmGj13C6dCqckZBLdl4h7bkhHt/t0WP+zO9/zwroDvANaOqO5Sw==
  
  "@esbuild/android-x64@0.18.20":
    version "0.18.20"
    resolved "https://registry.yarnpkg.com/@esbuild/android-x64/-/android-x64-0.18.20.tgz#35cf419c4cfc8babe8893d296cd990e9e9f756f2"
    integrity sha512-8GDdlePJA8D6zlZYJV/jnrRAi6rOiNaCC/JclcXpB+KIuvfBN4owLtgzY2bsxnx666XjJx2kDPUmnTtR8qKQUg==
  
  "@esbuild/darwin-arm64@0.18.20":
    version "0.18.20"
    resolved "https://registry.yarnpkg.com/@esbuild/darwin-arm64/-/darwin-arm64-0.18.20.tgz#08172cbeccf95fbc383399a7f39cfbddaeb0d7c1"
    integrity sha512-bxRHW5kHU38zS2lPTPOyuyTm+S+eobPUnTNkdJEfAddYgEcll4xkT8DB9d2008DtTbl7uJag2HuE5NZAZgnNEA==
  
  "@esbuild/darwin-x64@0.18.20":
    version "0.18.20"
    resolved "https://registry.yarnpkg.com/@esbuild/darwin-x64/-/darwin-x64-0.18.20.tgz#d70d5790d8bf475556b67d0f8b7c5bdff053d85d"
    integrity sha512-pc5gxlMDxzm513qPGbCbDukOdsGtKhfxD1zJKXjCCcU7ju50O7MeAZ8c4krSJcOIJGFR+qx21yMMVYwiQvyTyQ==
  
  "@esbuild/freebsd-arm64@0.18.20":
    version "0.18.20"
    resolved "https://registry.yarnpkg.com/@esbuild/freebsd-arm64/-/freebsd-arm64-0.18.20.tgz#98755cd12707f93f210e2494d6a4b51b96977f54"
    integrity sha512-yqDQHy4QHevpMAaxhhIwYPMv1NECwOvIpGCZkECn8w2WFHXjEwrBn3CeNIYsibZ/iZEUemj++M26W3cNR5h+Tw==
  
  "@esbuild/freebsd-x64@0.18.20":
    version "0.18.20"
    resolved "https://registry.yarnpkg.com/@esbuild/freebsd-x64/-/freebsd-x64-0.18.20.tgz#c1eb2bff03915f87c29cece4c1a7fa1f423b066e"
    integrity sha512-tgWRPPuQsd3RmBZwarGVHZQvtzfEBOreNuxEMKFcd5DaDn2PbBxfwLcj4+aenoh7ctXcbXmOQIn8HI6mCSw5MQ==
  
  "@esbuild/linux-arm64@0.18.20":
    version "0.18.20"
    resolved "https://registry.yarnpkg.com/@esbuild/linux-arm64/-/linux-arm64-0.18.20.tgz#bad4238bd8f4fc25b5a021280c770ab5fc3a02a0"
    integrity sha512-2YbscF+UL7SQAVIpnWvYwM+3LskyDmPhe31pE7/aoTMFKKzIc9lLbyGUpmmb8a8AixOL61sQ/mFh3jEjHYFvdA==
  
  "@esbuild/linux-arm@0.18.20":
    version "0.18.20"
    resolved "https://registry.yarnpkg.com/@esbuild/linux-arm/-/linux-arm-0.18.20.tgz#3e617c61f33508a27150ee417543c8ab5acc73b0"
    integrity sha512-/5bHkMWnq1EgKr1V+Ybz3s1hWXok7mDFUMQ4cG10AfW3wL02PSZi5kFpYKrptDsgb2WAJIvRcDm+qIvXf/apvg==
  
  "@esbuild/linux-ia32@0.18.20":
    version "0.18.20"
    resolved "https://registry.yarnpkg.com/@esbuild/linux-ia32/-/linux-ia32-0.18.20.tgz#699391cccba9aee6019b7f9892eb99219f1570a7"
    integrity sha512-P4etWwq6IsReT0E1KHU40bOnzMHoH73aXp96Fs8TIT6z9Hu8G6+0SHSw9i2isWrD2nbx2qo5yUqACgdfVGx7TA==
  
  "@esbuild/linux-loong64@0.18.20":
    version "0.18.20"
    resolved "https://registry.yarnpkg.com/@esbuild/linux-loong64/-/linux-loong64-0.18.20.tgz#e6fccb7aac178dd2ffb9860465ac89d7f23b977d"
    integrity sha512-nXW8nqBTrOpDLPgPY9uV+/1DjxoQ7DoB2N8eocyq8I9XuqJ7BiAMDMf9n1xZM9TgW0J8zrquIb/A7s3BJv7rjg==
  
  "@esbuild/linux-mips64el@0.18.20":
    version "0.18.20"
    resolved "https://registry.yarnpkg.com/@esbuild/linux-mips64el/-/linux-mips64el-0.18.20.tgz#eeff3a937de9c2310de30622a957ad1bd9183231"
    integrity sha512-d5NeaXZcHp8PzYy5VnXV3VSd2D328Zb+9dEq5HE6bw6+N86JVPExrA6O68OPwobntbNJ0pzCpUFZTo3w0GyetQ==
  
  "@esbuild/linux-ppc64@0.18.20":
    version "0.18.20"
    resolved "https://registry.yarnpkg.com/@esbuild/linux-ppc64/-/linux-ppc64-0.18.20.tgz#2f7156bde20b01527993e6881435ad79ba9599fb"
    integrity sha512-WHPyeScRNcmANnLQkq6AfyXRFr5D6N2sKgkFo2FqguP44Nw2eyDlbTdZwd9GYk98DZG9QItIiTlFLHJHjxP3FA==
  
  "@esbuild/linux-riscv64@0.18.20":
    version "0.18.20"
    resolved "https://registry.yarnpkg.com/@esbuild/linux-riscv64/-/linux-riscv64-0.18.20.tgz#6628389f210123d8b4743045af8caa7d4ddfc7a6"
    integrity sha512-WSxo6h5ecI5XH34KC7w5veNnKkju3zBRLEQNY7mv5mtBmrP/MjNBCAlsM2u5hDBlS3NGcTQpoBvRzqBcRtpq1A==
  
  "@esbuild/linux-s390x@0.18.20":
    version "0.18.20"
    resolved "https://registry.yarnpkg.com/@esbuild/linux-s390x/-/linux-s390x-0.18.20.tgz#255e81fb289b101026131858ab99fba63dcf0071"
    integrity sha512-+8231GMs3mAEth6Ja1iK0a1sQ3ohfcpzpRLH8uuc5/KVDFneH6jtAJLFGafpzpMRO6DzJ6AvXKze9LfFMrIHVQ==
  
  "@esbuild/linux-x64@0.18.20":
    version "0.18.20"
    resolved "https://registry.yarnpkg.com/@esbuild/linux-x64/-/linux-x64-0.18.20.tgz#c7690b3417af318a9b6f96df3031a8865176d338"
    integrity sha512-UYqiqemphJcNsFEskc73jQ7B9jgwjWrSayxawS6UVFZGWrAAtkzjxSqnoclCXxWtfwLdzU+vTpcNYhpn43uP1w==
  
  "@esbuild/netbsd-x64@0.18.20":
    version "0.18.20"
    resolved "https://registry.yarnpkg.com/@esbuild/netbsd-x64/-/netbsd-x64-0.18.20.tgz#30e8cd8a3dded63975e2df2438ca109601ebe0d1"
    integrity sha512-iO1c++VP6xUBUmltHZoMtCUdPlnPGdBom6IrO4gyKPFFVBKioIImVooR5I83nTew5UOYrk3gIJhbZh8X44y06A==
  
  "@esbuild/openbsd-x64@0.18.20":
    version "0.18.20"
    resolved "https://registry.yarnpkg.com/@esbuild/openbsd-x64/-/openbsd-x64-0.18.20.tgz#7812af31b205055874c8082ea9cf9ab0da6217ae"
    integrity sha512-e5e4YSsuQfX4cxcygw/UCPIEP6wbIL+se3sxPdCiMbFLBWu0eiZOJ7WoD+ptCLrmjZBK1Wk7I6D/I3NglUGOxg==
  
  "@esbuild/sunos-x64@0.18.20":
    version "0.18.20"
    resolved "https://registry.yarnpkg.com/@esbuild/sunos-x64/-/sunos-x64-0.18.20.tgz#d5c275c3b4e73c9b0ecd38d1ca62c020f887ab9d"
    integrity sha512-kDbFRFp0YpTQVVrqUd5FTYmWo45zGaXe0X8E1G/LKFC0v8x0vWrhOWSLITcCn63lmZIxfOMXtCfti/RxN/0wnQ==
  
  "@esbuild/win32-arm64@0.18.20":
    version "0.18.20"
    resolved "https://registry.yarnpkg.com/@esbuild/win32-arm64/-/win32-arm64-0.18.20.tgz#73bc7f5a9f8a77805f357fab97f290d0e4820ac9"
    integrity sha512-ddYFR6ItYgoaq4v4JmQQaAI5s7npztfV4Ag6NrhiaW0RrnOXqBkgwZLofVTlq1daVTQNhtI5oieTvkRPfZrePg==
  
  "@esbuild/win32-ia32@0.18.20":
    version "0.18.20"
    resolved "https://registry.yarnpkg.com/@esbuild/win32-ia32/-/win32-ia32-0.18.20.tgz#ec93cbf0ef1085cc12e71e0d661d20569ff42102"
    integrity sha512-Wv7QBi3ID/rROT08SABTS7eV4hX26sVduqDOTe1MvGMjNd3EjOz4b7zeexIR62GTIEKrfJXKL9LFxTYgkyeu7g==
  
  "@esbuild/win32-x64@0.18.20":
    version "0.18.20"
    resolved "https://registry.yarnpkg.com/@esbuild/win32-x64/-/win32-x64-0.18.20.tgz#786c5f41f043b07afb1af37683d7c33668858f6d"
    integrity sha512-kTdfRcSiDfQca/y9QIkng02avJ+NCaQvrMejlsB3RRv5sE9rRoeBPISaZpKxHELzRxZyLvNts1P27W3wV+8geQ==
  
  "@graphql-tools/merge@^9.0.24":
    version "9.0.24"
    resolved "https://registry.yarnpkg.com/@graphql-tools/merge/-/merge-9.0.24.tgz#1f366e85588894cb496bd1c332be7665db143df2"
    integrity sha512-NzWx/Afl/1qHT3Nm1bghGG2l4jub28AdvtG11PoUlmjcIjnFBJMv4vqL0qnxWe8A82peWo4/TkVdjJRLXwgGEw==
    dependencies:
      "@graphql-tools/utils" "^10.8.6"
      tslib "^2.4.0"
  
  "@graphql-tools/schema@^10.0.23":
    version "10.0.23"
    resolved "https://registry.yarnpkg.com/@graphql-tools/schema/-/schema-10.0.23.tgz#d8865e96f37a04ca43303d7024add7edbe0c5ed4"
    integrity sha512-aEGVpd1PCuGEwqTXCStpEkmheTHNdMayiIKH1xDWqYp9i8yKv9FRDgkGrY4RD8TNxnf7iII+6KOBGaJ3ygH95A==
    dependencies:
      "@graphql-tools/merge" "^9.0.24"
      "@graphql-tools/utils" "^10.8.6"
      tslib "^2.4.0"
  
  "@graphql-tools/utils@^10.8.6":
    version "10.8.6"
    resolved "https://registry.yarnpkg.com/@graphql-tools/utils/-/utils-10.8.6.tgz#69ef29e408a27919108b2b2227fe8b465acf9e5c"
    integrity sha512-Alc9Vyg0oOsGhRapfL3xvqh1zV8nKoFUdtLhXX7Ki4nClaIJXckrA86j+uxEuG3ic6j4jlM1nvcWXRn/71AVLQ==
    dependencies:
      "@graphql-typed-document-node/core" "^3.1.1"
      "@whatwg-node/promise-helpers" "^1.0.0"
      cross-inspect "1.0.1"
      dset "^3.1.4"
      tslib "^2.4.0"
  
  "@graphql-typed-document-node/core@^3.1.1":
    version "3.2.0"
    resolved "https://registry.yarnpkg.com/@graphql-typed-document-node/core/-/core-3.2.0.tgz#5f3d96ec6b2354ad6d8a28bf216a1d97b5426861"
    integrity sha512-mB9oAsNCm9aM3/SOv4YtBMqZbYj10R7dkq8byBqxGY/ncFwhf2oQzMV+LCRlWoDSEBJ3COiR1yeDvMtsoOsuFQ==
  
  "@holochain-playground/cli@^0.1.1":
    version "0.1.1"
    resolved "https://registry.yarnpkg.com/@holochain-playground/cli/-/cli-0.1.1.tgz#a5deb207dd3362cf7ab45070f0bc3cb8f12d9602"
    integrity sha512-JbapAe+uBaec52rTePjdlP0mq3zQhJG/hrdbCd+eecZLA3cXWEGgISR5YwLtx6udN+0ghCDH4U6KILjPiwWZMg==
  
  "@holochain/client@0.17.0-rc.0":
    version "0.17.0-rc.0"
    resolved "https://registry.yarnpkg.com/@holochain/client/-/client-0.17.0-rc.0.tgz#8e311c5d5d2dfe3293ce5960ce430ee9e6677d44"
    integrity sha512-DyoAe6Gf7Atpn5f+WO8Lj08G4Vfu5p5U9PuUlOkm5gjfwTxHU6rOTAmdEWz1QcA2Yne3cmUj+qqpofTSVqB/Eg==
    dependencies:
      "@bitgo/blake2b" "^3.2.4"
      "@holochain/serialization" "^0.1.0-beta-rc.3"
      "@msgpack/msgpack" "^2.8.0"
      emittery "^1.0.1"
      isomorphic-ws "^5.0.0"
      js-base64 "^3.7.5"
      libsodium-wrappers "^0.7.13"
      lodash-es "^4.17.21"
      ws "^8.14.2"
  
  "@holochain/client@^0.12.0", "@holochain/client@^0.12.2":
    version "0.12.8"
    resolved "https://registry.yarnpkg.com/@holochain/client/-/client-0.12.8.tgz#c668c64574482c4da7706e7990c9c5722187ed75"
    integrity sha512-fa6yC5fFRBWFnz8QNSIn0V+js5IN0fTR9Gwxc4F552AQ4KVEhynM+ROkDOswT77/mDVpKyr5FBI7X+FEKqcM0Q==
    dependencies:
      "@holochain/serialization" "^0.1.0-beta-rc.3"
      "@msgpack/msgpack" "^2.7.2"
      "@tauri-apps/api" "^1.2.0"
      emittery "^1.0.1"
      isomorphic-ws "^5.0.0"
      js-base64 "^3.7.3"
      lodash-es "^4.17.21"
      tweetnacl "^1.0.3"
  
  "@holochain/client@^0.18.0-dev.0":
    version "0.18.1"
    resolved "https://registry.yarnpkg.com/@holochain/client/-/client-0.18.1.tgz#64f2bb629750fa16a5860407f92374ff9ae9c319"
    integrity sha512-2avPfwkJhniymgQHO7/X8+IaX8kR/5kPz6J1wf82s8JZzFt13911aSu+NiXnPkQNyozwaCwl5pdsq/n6haLcPA==
    dependencies:
      "@bitgo/blake2b" "^3.2.4"
      "@holochain/serialization" "^0.1.0-beta-rc.3"
      "@msgpack/msgpack" "^2.8.0"
      emittery "^1.0.1"
      isomorphic-ws "^5.0.0"
      js-base64 "^3.7.5"
      libsodium-wrappers "^0.7.13"
      lodash-es "^4.17.21"
      ws "^8.14.2"
  
  "@holochain/hc-spin-rust-utils-darwin-arm64@0.300.1":
    version "0.300.1"
    resolved "https://registry.yarnpkg.com/@holochain/hc-spin-rust-utils-darwin-arm64/-/hc-spin-rust-utils-darwin-arm64-0.300.1.tgz#e183439230a6e98c7c1400d76aa19076d3c55ac7"
    integrity sha512-IOt+hTVRByaqpzuZ+pN7tTAqNPXsPxE6oc+Hqjo5D4aWP3oeD2b6bEEDRfBicMuUTp7spIqKgT/4Dj0pQtLvyw==
  
  "@holochain/hc-spin-rust-utils-darwin-x64@0.300.1":
    version "0.300.1"
    resolved "https://registry.yarnpkg.com/@holochain/hc-spin-rust-utils-darwin-x64/-/hc-spin-rust-utils-darwin-x64-0.300.1.tgz#bd2c7fcec4d5f23e0cf6d406dc63f7ccfd22eef0"
    integrity sha512-ffxAB9o5XhvwcXi1F6MsURoxhxJbo3HvlBpD0F2VNfyv/zCd15gb8HvcskhcvQFKlCEHigRrilOxHP5Aks8I3w==
  
  "@holochain/hc-spin-rust-utils-linux-x64-gnu@0.300.1":
    version "0.300.1"
    resolved "https://registry.yarnpkg.com/@holochain/hc-spin-rust-utils-linux-x64-gnu/-/hc-spin-rust-utils-linux-x64-gnu-0.300.1.tgz#410a59bf28974cd7361785bc0631d15186be7a49"
    integrity sha512-SKUJdvKIRkqixgaChnkLvBNWgZgFGLI5tNeV/8WMdxCKqD2kLJzUFSIafl1arck9964iSfsCRMG8/5fpfE+sZg==
  
  "@holochain/hc-spin-rust-utils-win32-x64-msvc@0.300.1":
    version "0.300.1"
    resolved "https://registry.yarnpkg.com/@holochain/hc-spin-rust-utils-win32-x64-msvc/-/hc-spin-rust-utils-win32-x64-msvc-0.300.1.tgz#abdd794bc44a62d2b3c47953eb4277369a5a3ee0"
    integrity sha512-S+PcygFnkVbR1/5FF66P7gBju3+PfOd1BLgfDpF6kghSJfb3qSN1h93vPujxeoQcs1qtT3DqMarG2BmyCe9RPA==
  
  "@holochain/hc-spin-rust-utils@^0.300.1":
    version "0.300.1"
    resolved "https://registry.yarnpkg.com/@holochain/hc-spin-rust-utils/-/hc-spin-rust-utils-0.300.1.tgz#12da10b356c1adb9254305a6c3e774fad2c681ad"
    integrity sha512-vMC6cgqJ8gOT7dGunTyYd6frqax+XQO9v4ZB5YL6amws9xu9lL6OqG1igNJfGimAbqCaQTd1bq8Ctr+HF8AYyg==
    optionalDependencies:
      "@holochain/hc-spin-rust-utils-darwin-arm64" "0.300.1"
      "@holochain/hc-spin-rust-utils-darwin-x64" "0.300.1"
      "@holochain/hc-spin-rust-utils-linux-x64-gnu" "0.300.1"
      "@holochain/hc-spin-rust-utils-win32-x64-msvc" "0.300.1"
  
  "@holochain/hc-spin@^0.300.3":
    version "0.300.4"
    resolved "https://registry.yarnpkg.com/@holochain/hc-spin/-/hc-spin-0.300.4.tgz#676c145d4de264298dcd423b4e5eee227784d875"
    integrity sha512-XKN44oVsvQPT3ka650iabsDvk/41hg/cnWj+OH83aaQR1tzZL6bIeYccHc2M2+0PDbxdK0iTdTlSJfojVywkxA==
    dependencies:
      "@electron-toolkit/preload" "^3.0.0"
      "@electron-toolkit/utils" "^3.0.0"
      "@holochain/client" "0.17.0-rc.0"
      "@holochain/hc-spin-rust-utils" "^0.300.1"
      "@msgpack/msgpack" "^2.8.0"
      bufferutil "4.0.8"
      commander "11.1.0"
      electron "^29.3.1"
      electron-context-menu "3.6.1"
      get-port "7.0.0"
      nanoid "5.0.4"
      split "1.0.1"
  
  "@holochain/serialization@^0.1.0-beta-rc.3":
    version "0.1.0-beta-rc.3"
    resolved "https://registry.yarnpkg.com/@holochain/serialization/-/serialization-0.1.0-beta-rc.3.tgz#787a785fa48e00f2d168c6d4b45a233c4800cccb"
    integrity sha512-DJx4V2KXHVLciyOGjOYKTM/JLBpBEZ3RsPIRCgf7qmwhQdxXvhi2p+oFFRD51yUT5uC1/MzIVeJCl/R60PwFbw==
  
  "@holochain/tryorama@^0.11.0":
    version "0.11.2"
    resolved "https://registry.yarnpkg.com/@holochain/tryorama/-/tryorama-0.11.2.tgz#abd18097cac08a352c846b2c5af852a03104f5b3"
    integrity sha512-RCi7QtGejpzfGIx1EKyTX+QnkooGaUAY0TiFHDc5uamCvNNX1Ya6Esgvyrt2zpO5YBUUrSbdbB1gBB3a8bwr7A==
    dependencies:
      "@holochain/client" "^0.12.0"
      get-port "^6.1.2"
      lodash "^4.17.21"
      uuid "^8.3.2"
      winston "^3.8.2"
      ws "^8.11.0"
  
  "@jridgewell/resolve-uri@^3.0.3", "@jridgewell/resolve-uri@^3.1.0":
    version "3.1.2"
    resolved "https://registry.yarnpkg.com/@jridgewell/resolve-uri/-/resolve-uri-3.1.2.tgz#7a0ee601f60f99a20c7c7c5ff0c80388c1189bd6"
    integrity sha512-bRISgCIjP20/tbWSPWMEi54QVPRZExkuD9lJL+UIxUKtwVJA8wW1Trb1jMs1RFXo1CBTNZ/5hpC9QvmKWdopKw==
  
  "@jridgewell/sourcemap-codec@^1.4.10", "@jridgewell/sourcemap-codec@^1.4.14", "@jridgewell/sourcemap-codec@^1.5.0":
    version "1.5.0"
    resolved "https://registry.yarnpkg.com/@jridgewell/sourcemap-codec/-/sourcemap-codec-1.5.0.tgz#3188bcb273a414b0d215fd22a58540b989b9409a"
    integrity sha512-gv3ZRaISU3fjPAgNsriBRqGWQL6quFx04YMPW/zD8XMLsU32mhCCbfbO6KZFLjvYpCZ8zyDEgqsgf+PwPaM7GQ==
  
  "@jridgewell/trace-mapping@0.3.9":
    version "0.3.9"
    resolved "https://registry.yarnpkg.com/@jridgewell/trace-mapping/-/trace-mapping-0.3.9.tgz#6534fd5933a53ba7cbf3a17615e273a0d1273ff9"
    integrity sha512-3Belt6tdc8bPgAtbcmdtNJlirVoTmEb5e2gC94PnkwEW9jI6CAHUeoG85tjWP5WquqfavoMtMwiG4P926ZKKuQ==
    dependencies:
      "@jridgewell/resolve-uri" "^3.0.3"
      "@jridgewell/sourcemap-codec" "^1.4.10"
  
  "@jridgewell/trace-mapping@^0.3.9":
    version "0.3.25"
    resolved "https://registry.yarnpkg.com/@jridgewell/trace-mapping/-/trace-mapping-0.3.25.tgz#15f190e98895f3fc23276ee14bc76b675c2e50f0"
    integrity sha512-vNk6aEwybGtawWmy/PzwnGDOjCkLWSD2wqvjGGAgOAwCGWySYXfYoxt00IJkTF+8Lb57DwOb3Aa0o9CApepiYQ==
    dependencies:
      "@jridgewell/resolve-uri" "^3.1.0"
      "@jridgewell/sourcemap-codec" "^1.4.14"
  
  "@lit-labs/ssr-dom-shim@^1.2.0":
    version "1.3.0"
    resolved "https://registry.yarnpkg.com/@lit-labs/ssr-dom-shim/-/ssr-dom-shim-1.3.0.tgz#a28799c463177d1a0b0e5cefdc173da5ac859eb4"
    integrity sha512-nQIWonJ6eFAvUUrSlwyHDm/aE8PBDu5kRpL0vHMg6K8fK3Diq1xdPjTnsJSwxABhaZ+5eBi1btQB5ShUTKo4nQ==
  
  "@lit/reactive-element@^2.1.0":
    version "2.1.0"
    resolved "https://registry.yarnpkg.com/@lit/reactive-element/-/reactive-element-2.1.0.tgz#177148214488068ae209669040b7ce0f4dcc0d36"
    integrity sha512-L2qyoZSQClcBmq0qajBVbhYEcG6iK0XfLn66ifLe/RfC0/ihpc+pl0Wdn8bJ8o+hj38cG0fGXRgSS20MuXn7qA==
    dependencies:
      "@lit-labs/ssr-dom-shim" "^1.2.0"
  
  "@msgpack/msgpack@^2.7.0", "@msgpack/msgpack@^2.7.2", "@msgpack/msgpack@^2.8.0":
    version "2.8.0"
    resolved "https://registry.yarnpkg.com/@msgpack/msgpack/-/msgpack-2.8.0.tgz#4210deb771ee3912964f14a15ddfb5ff877e70b9"
    integrity sha512-h9u4u/jiIRKbq25PM+zymTyW6bhTzELvOoUd+AvYriWOAKpLGnIamaET3pnHYoI5iYphAHBI4ayx0MehR+VVPQ==
  
  "@nodelib/fs.scandir@2.1.5":
    version "2.1.5"
    resolved "https://registry.yarnpkg.com/@nodelib/fs.scandir/-/fs.scandir-2.1.5.tgz#7619c2eb21b25483f6d167548b4cfd5a7488c3d5"
    integrity sha512-vq24Bq3ym5HEQm2NKCr3yXDwjc7vTsEThRDnkp2DK9p1uqLR+DHurm/NOTo0KG7HYHU7eppKZj3MyqYuMBf62g==
    dependencies:
      "@nodelib/fs.stat" "2.0.5"
      run-parallel "^1.1.9"
  
  "@nodelib/fs.stat@2.0.5", "@nodelib/fs.stat@^2.0.2":
    version "2.0.5"
    resolved "https://registry.yarnpkg.com/@nodelib/fs.stat/-/fs.stat-2.0.5.tgz#5bd262af94e9d25bd1e71b05deed44876a222e8b"
    integrity sha512-RkhPPp2zrqDAQA/2jNhnztcPAlv64XdhIp7a7454A5ovI7Bukxgt7MX7udwAu3zg1DcpPU0rz3VV1SeaqvY4+A==
  
  "@nodelib/fs.walk@^1.2.3":
    version "1.2.8"
    resolved "https://registry.yarnpkg.com/@nodelib/fs.walk/-/fs.walk-1.2.8.tgz#e95737e8bb6746ddedf69c556953494f196fe69a"
    integrity sha512-oGB+UxlgWcgQkgwo8GcEGwemoTFt3FIO9ababBmaGwXIoBKZ+GTy0pP185beGg7Llih/NSHSV2XAs1lnznocSg==
    dependencies:
      "@nodelib/fs.scandir" "2.1.5"
      fastq "^1.6.0"
  
  "@parcel/watcher-android-arm64@2.5.1":
    version "2.5.1"
    resolved "https://registry.yarnpkg.com/@parcel/watcher-android-arm64/-/watcher-android-arm64-2.5.1.tgz#507f836d7e2042f798c7d07ad19c3546f9848ac1"
    integrity sha512-KF8+j9nNbUN8vzOFDpRMsaKBHZ/mcjEjMToVMJOhTozkDonQFFrRcfdLWn6yWKCmJKmdVxSgHiYvTCef4/qcBA==
  
  "@parcel/watcher-darwin-arm64@2.5.1":
    version "2.5.1"
    resolved "https://registry.yarnpkg.com/@parcel/watcher-darwin-arm64/-/watcher-darwin-arm64-2.5.1.tgz#3d26dce38de6590ef79c47ec2c55793c06ad4f67"
    integrity sha512-eAzPv5osDmZyBhou8PoF4i6RQXAfeKL9tjb3QzYuccXFMQU0ruIc/POh30ePnaOyD1UXdlKguHBmsTs53tVoPw==
  
  "@parcel/watcher-darwin-x64@2.5.1":
    version "2.5.1"
    resolved "https://registry.yarnpkg.com/@parcel/watcher-darwin-x64/-/watcher-darwin-x64-2.5.1.tgz#99f3af3869069ccf774e4ddfccf7e64fd2311ef8"
    integrity sha512-1ZXDthrnNmwv10A0/3AJNZ9JGlzrF82i3gNQcWOzd7nJ8aj+ILyW1MTxVk35Db0u91oD5Nlk9MBiujMlwmeXZg==
  
  "@parcel/watcher-freebsd-x64@2.5.1":
    version "2.5.1"
    resolved "https://registry.yarnpkg.com/@parcel/watcher-freebsd-x64/-/watcher-freebsd-x64-2.5.1.tgz#14d6857741a9f51dfe51d5b08b7c8afdbc73ad9b"
    integrity sha512-SI4eljM7Flp9yPuKi8W0ird8TI/JK6CSxju3NojVI6BjHsTyK7zxA9urjVjEKJ5MBYC+bLmMcbAWlZ+rFkLpJQ==
  
  "@parcel/watcher-linux-arm-glibc@2.5.1":
    version "2.5.1"
    resolved "https://registry.yarnpkg.com/@parcel/watcher-linux-arm-glibc/-/watcher-linux-arm-glibc-2.5.1.tgz#43c3246d6892381db473bb4f663229ad20b609a1"
    integrity sha512-RCdZlEyTs8geyBkkcnPWvtXLY44BCeZKmGYRtSgtwwnHR4dxfHRG3gR99XdMEdQ7KeiDdasJwwvNSF5jKtDwdA==
  
  "@parcel/watcher-linux-arm-musl@2.5.1":
    version "2.5.1"
    resolved "https://registry.yarnpkg.com/@parcel/watcher-linux-arm-musl/-/watcher-linux-arm-musl-2.5.1.tgz#663750f7090bb6278d2210de643eb8a3f780d08e"
    integrity sha512-6E+m/Mm1t1yhB8X412stiKFG3XykmgdIOqhjWj+VL8oHkKABfu/gjFj8DvLrYVHSBNC+/u5PeNrujiSQ1zwd1Q==
  
  "@parcel/watcher-linux-arm64-glibc@2.5.1":
    version "2.5.1"
    resolved "https://registry.yarnpkg.com/@parcel/watcher-linux-arm64-glibc/-/watcher-linux-arm64-glibc-2.5.1.tgz#ba60e1f56977f7e47cd7e31ad65d15fdcbd07e30"
    integrity sha512-LrGp+f02yU3BN9A+DGuY3v3bmnFUggAITBGriZHUREfNEzZh/GO06FF5u2kx8x+GBEUYfyTGamol4j3m9ANe8w==
  
  "@parcel/watcher-linux-arm64-musl@2.5.1":
    version "2.5.1"
    resolved "https://registry.yarnpkg.com/@parcel/watcher-linux-arm64-musl/-/watcher-linux-arm64-musl-2.5.1.tgz#f7fbcdff2f04c526f96eac01f97419a6a99855d2"
    integrity sha512-cFOjABi92pMYRXS7AcQv9/M1YuKRw8SZniCDw0ssQb/noPkRzA+HBDkwmyOJYp5wXcsTrhxO0zq1U11cK9jsFg==
  
  "@parcel/watcher-linux-x64-glibc@2.5.1":
    version "2.5.1"
    resolved "https://registry.yarnpkg.com/@parcel/watcher-linux-x64-glibc/-/watcher-linux-x64-glibc-2.5.1.tgz#4d2ea0f633eb1917d83d483392ce6181b6a92e4e"
    integrity sha512-GcESn8NZySmfwlTsIur+49yDqSny2IhPeZfXunQi48DMugKeZ7uy1FX83pO0X22sHntJ4Ub+9k34XQCX+oHt2A==
  
  "@parcel/watcher-linux-x64-musl@2.5.1":
    version "2.5.1"
    resolved "https://registry.yarnpkg.com/@parcel/watcher-linux-x64-musl/-/watcher-linux-x64-musl-2.5.1.tgz#277b346b05db54f55657301dd77bdf99d63606ee"
    integrity sha512-n0E2EQbatQ3bXhcH2D1XIAANAcTZkQICBPVaxMeaCVBtOpBZpWJuf7LwyWPSBDITb7In8mqQgJ7gH8CILCURXg==
  
  "@parcel/watcher-win32-arm64@2.5.1":
    version "2.5.1"
    resolved "https://registry.yarnpkg.com/@parcel/watcher-win32-arm64/-/watcher-win32-arm64-2.5.1.tgz#7e9e02a26784d47503de1d10e8eab6cceb524243"
    integrity sha512-RFzklRvmc3PkjKjry3hLF9wD7ppR4AKcWNzH7kXR7GUe0Igb3Nz8fyPwtZCSquGrhU5HhUNDr/mKBqj7tqA2Vw==
  
  "@parcel/watcher-win32-ia32@2.5.1":
    version "2.5.1"
    resolved "https://registry.yarnpkg.com/@parcel/watcher-win32-ia32/-/watcher-win32-ia32-2.5.1.tgz#2d0f94fa59a873cdc584bf7f6b1dc628ddf976e6"
    integrity sha512-c2KkcVN+NJmuA7CGlaGD1qJh1cLfDnQsHjE89E60vUEMlqduHGCdCLJCID5geFVM0dOtA3ZiIO8BoEQmzQVfpQ==
  
  "@parcel/watcher-win32-x64@2.5.1":
    version "2.5.1"
    resolved "https://registry.yarnpkg.com/@parcel/watcher-win32-x64/-/watcher-win32-x64-2.5.1.tgz#ae52693259664ba6f2228fa61d7ee44b64ea0947"
    integrity sha512-9lHBdJITeNR++EvSQVUcaZoWupyHfXe1jZvGZ06O/5MflPcuPLtEphScIBL+AiCWBO46tDSHzWyD0uDmmZqsgA==
  
  "@parcel/watcher@^2.4.1":
    version "2.5.1"
    resolved "https://registry.yarnpkg.com/@parcel/watcher/-/watcher-2.5.1.tgz#342507a9cfaaf172479a882309def1e991fb1200"
    integrity sha512-dfUnCxiN9H4ap84DvD2ubjw+3vUNpstxa0TneY/Paat8a3R4uQZDLSvWjmznAY/DoahqTHl9V46HF/Zs3F29pg==
    dependencies:
      detect-libc "^1.0.3"
      is-glob "^4.0.3"
      micromatch "^4.0.5"
      node-addon-api "^7.0.0"
    optionalDependencies:
      "@parcel/watcher-android-arm64" "2.5.1"
      "@parcel/watcher-darwin-arm64" "2.5.1"
      "@parcel/watcher-darwin-x64" "2.5.1"
      "@parcel/watcher-freebsd-x64" "2.5.1"
      "@parcel/watcher-linux-arm-glibc" "2.5.1"
      "@parcel/watcher-linux-arm-musl" "2.5.1"
      "@parcel/watcher-linux-arm64-glibc" "2.5.1"
      "@parcel/watcher-linux-arm64-musl" "2.5.1"
      "@parcel/watcher-linux-x64-glibc" "2.5.1"
      "@parcel/watcher-linux-x64-musl" "2.5.1"
      "@parcel/watcher-win32-arm64" "2.5.1"
      "@parcel/watcher-win32-ia32" "2.5.1"
      "@parcel/watcher-win32-x64" "2.5.1"
  
  "@sindresorhus/is@^4.0.0":
    version "4.6.0"
    resolved "https://registry.yarnpkg.com/@sindresorhus/is/-/is-4.6.0.tgz#3c7c9c46e678feefe7a2e5bb609d3dbd665ffb3f"
    integrity sha512-t09vSN3MdfsyCHoFcTRCH/iUtG7OJ0CsjzB8cjAmKc/va/kIgeDI/TxsigdncE/4be734m0cvIYwNaV4i2XqAw==
  
  "@sveltejs/vite-plugin-svelte-inspector@^1.0.4":
    version "1.0.4"
    resolved "https://registry.yarnpkg.com/@sveltejs/vite-plugin-svelte-inspector/-/vite-plugin-svelte-inspector-1.0.4.tgz#c99fcb73aaa845a3e2c0563409aeb3ee0b863add"
    integrity sha512-zjiuZ3yydBtwpF3bj0kQNV0YXe+iKE545QGZVTaylW3eAzFr+pJ/cwK8lZEaRp4JtaJXhD5DyWAV4AxLh6DgaQ==
    dependencies:
      debug "^4.3.4"
  
  "@sveltejs/vite-plugin-svelte@^2.0.2":
    version "2.5.3"
    resolved "https://registry.yarnpkg.com/@sveltejs/vite-plugin-svelte/-/vite-plugin-svelte-2.5.3.tgz#23f810d0c38d159491845175c2566a51639be3fc"
    integrity sha512-erhNtXxE5/6xGZz/M9eXsmI7Pxa6MS7jyTy06zN3Ck++ldrppOnOlJwHHTsMC7DHDQdgUp4NAc4cDNQ9eGdB/w==
    dependencies:
      "@sveltejs/vite-plugin-svelte-inspector" "^1.0.4"
      debug "^4.3.4"
      deepmerge "^4.3.1"
      kleur "^4.1.5"
      magic-string "^0.30.3"
      svelte-hmr "^0.15.3"
      vitefu "^0.2.4"
  
  "@szmarczak/http-timer@^4.0.5":
    version "4.0.6"
    resolved "https://registry.yarnpkg.com/@szmarczak/http-timer/-/http-timer-4.0.6.tgz#b4a914bb62e7c272d4e5989fe4440f812ab1d807"
    integrity sha512-4BAffykYOgO+5nzBWYwE3W90sBgLJoUPRWWcL8wlyiM8IB8ipJz3UMJ9KXQd1RKQXpKp8Tutn80HZtWsu2u76w==
    dependencies:
      defer-to-connect "^2.0.0"
  
  "@tauri-apps/api@^1.2.0":
    version "1.6.0"
    resolved "https://registry.yarnpkg.com/@tauri-apps/api/-/api-1.6.0.tgz#745b7e4e26782c3b2ad9510d558fa5bb2cf29186"
    integrity sha512-rqI++FWClU5I2UBp4HXFvl+sBWkdigBkxnpJDQUWttNyG7IZP4FwQGhTNL5EOw0vI8i6eSAJ5frLqO7n7jbJdg==
  
  "@tsconfig/node10@^1.0.7":
    version "1.0.11"
    resolved "https://registry.yarnpkg.com/@tsconfig/node10/-/node10-1.0.11.tgz#6ee46400685f130e278128c7b38b7e031ff5b2f2"
    integrity sha512-DcRjDCujK/kCk/cUe8Xz8ZSpm8mS3mNNpta+jGCA6USEDfktlNvm1+IuZ9eTcDbNk41BHwpHHeW+N1lKCz4zOw==
  
  "@tsconfig/node12@^1.0.7":
    version "1.0.11"
    resolved "https://registry.yarnpkg.com/@tsconfig/node12/-/node12-1.0.11.tgz#ee3def1f27d9ed66dac6e46a295cffb0152e058d"
    integrity sha512-cqefuRsh12pWyGsIoBKJA9luFu3mRxCA+ORZvA4ktLSzIuCUtWVxGIuXigEwO5/ywWFMZ2QEGKWvkZG1zDMTag==
  
  "@tsconfig/node14@^1.0.0":
    version "1.0.3"
    resolved "https://registry.yarnpkg.com/@tsconfig/node14/-/node14-1.0.3.tgz#e4386316284f00b98435bf40f72f75a09dabf6c1"
    integrity sha512-ysT8mhdixWK6Hw3i1V2AeRqZ5WfXg1G43mqoYlM2nc6388Fq5jcXyr5mRsqViLx/GJYdoL0bfXD8nmF+Zn/Iow==
  
  "@tsconfig/node16@^1.0.2":
    version "1.0.4"
    resolved "https://registry.yarnpkg.com/@tsconfig/node16/-/node16-1.0.4.tgz#0b92dcc0cc1c81f6f306a381f28e31b1a56536e9"
    integrity sha512-vxhUy4J8lyeyinH7Azl1pdd43GJhZH/tP2weN8TntQblOY+A0XbT8DJk1/oCPuOOyg/Ja757rG0CgHcWC8OfMA==
  
  "@tsconfig/svelte@^3.0.0":
    version "3.0.0"
    resolved "https://registry.yarnpkg.com/@tsconfig/svelte/-/svelte-3.0.0.tgz#b06e059209f04c414de0069f2f0e2796d979fc6f"
    integrity sha512-pYrtLtOwku/7r1i9AMONsJMVYAtk3hzOfiGNekhtq5tYBGA7unMve8RvUclKLMT3PrihvJqUmzsRGh0RP84hKg==
  
  "@types/cacheable-request@^6.0.1":
    version "6.0.3"
    resolved "https://registry.yarnpkg.com/@types/cacheable-request/-/cacheable-request-6.0.3.tgz#a430b3260466ca7b5ca5bfd735693b36e7a9d183"
    integrity sha512-IQ3EbTzGxIigb1I3qPZc1rWJnH0BmSKv5QYTalEwweFvyBDLSAe24zP0le/hyi7ecGfZVlIVAg4BZqb8WBwKqw==
    dependencies:
      "@types/http-cache-semantics" "*"
      "@types/keyv" "^3.1.4"
      "@types/node" "*"
      "@types/responselike" "^1.0.0"
  
  "@types/chai-subset@^1.3.3":
    version "1.3.6"
    resolved "https://registry.yarnpkg.com/@types/chai-subset/-/chai-subset-1.3.6.tgz#fc50f637ebd038ed58700f826d7bab2caa8a8d7e"
    integrity sha512-m8lERkkQj+uek18hXOZuec3W/fCRTrU4hrnXjH3qhHy96ytuPaPiWGgu7sJb7tZxZonO75vYAjCvpe/e4VUwRw==
  
  "@types/chai@^4.3.4":
    version "4.3.20"
    resolved "https://registry.yarnpkg.com/@types/chai/-/chai-4.3.20.tgz#cb291577ed342ca92600430841a00329ba05cecc"
    integrity sha512-/pC9HAB5I/xMlc5FP77qjCnI16ChlJfW0tGa0IUcFn38VJrTV6DeZ60NU5KZBtaOZqjdpwTWohz5HU1RrhiYxQ==
  
  "@types/http-cache-semantics@*":
    version "4.0.4"
    resolved "https://registry.yarnpkg.com/@types/http-cache-semantics/-/http-cache-semantics-4.0.4.tgz#b979ebad3919799c979b17c72621c0bc0a31c6c4"
    integrity sha512-1m0bIFVc7eJWyve9S0RnuRgcQqF/Xd5QsUZAZeQFr1Q3/p9JWoQQEqmVy+DPTNpGXwhgIetAoYF8JSc33q29QA==
  
  "@types/keyv@^3.1.4":
    version "3.1.4"
    resolved "https://registry.yarnpkg.com/@types/keyv/-/keyv-3.1.4.tgz#3ccdb1c6751b0c7e52300bcdacd5bcbf8faa75b6"
    integrity sha512-BQ5aZNSCpj7D6K2ksrRCTmKRLEpnPvWDiLPfoGyhZ++8YtiK9d/3DBKPJgry359X/P1PfruyYwvnvwFjuEiEIg==
    dependencies:
      "@types/node" "*"
  
  "@types/node@*":
    version "22.15.3"
    resolved "https://registry.yarnpkg.com/@types/node/-/node-22.15.3.tgz#b7fb9396a8ec5b5dfb1345d8ac2502060e9af68b"
    integrity sha512-lX7HFZeHf4QG/J7tBZqrCAXwz9J5RD56Y6MpP0eJkka8p+K0RY/yBTW7CYFJ4VGCclxqOLKmiGP5juQc6MKgcw==
    dependencies:
      undici-types "~6.21.0"
  
  "@types/node@^20.9.0":
    version "20.17.32"
    resolved "https://registry.yarnpkg.com/@types/node/-/node-20.17.32.tgz#cb9703514cd8e172c11beff582c66006644c2d88"
    integrity sha512-zeMXFn8zQ+UkjK4ws0RiOC9EWByyW1CcVmLe+2rQocXRsGEDxUCwPEIVgpsGcLHS/P8JkT0oa3839BRABS0oPw==
    dependencies:
      undici-types "~6.19.2"
  
  "@types/pug@^2.0.4":
    version "2.0.10"
    resolved "https://registry.yarnpkg.com/@types/pug/-/pug-2.0.10.tgz#52f8dbd6113517aef901db20b4f3fca543b88c1f"
    integrity sha512-Sk/uYFOBAB7mb74XcpizmH0KOR2Pv3D2Hmrh1Dmy5BmK3MpdSa5kqZcg6EKBdklU0bFXX9gCfzvpnyUehrPIuA==
  
  "@types/responselike@^1.0.0":
    version "1.0.3"
    resolved "https://registry.yarnpkg.com/@types/responselike/-/responselike-1.0.3.tgz#cc29706f0a397cfe6df89debfe4bf5cea159db50"
    integrity sha512-H/+L+UkTV33uf49PH5pCAUBVPNj2nDBXTN+qS1dOwyyg24l3CcicicCA7ca+HMvJBZcFgl5r8e+RR6elsb4Lyw==
    dependencies:
      "@types/node" "*"
  
  "@types/sass@^1.16.0":
    version "1.45.0"
    resolved "https://registry.yarnpkg.com/@types/sass/-/sass-1.45.0.tgz#a949eb1e080ff34715e6c2040357b940bffb89bb"
    integrity sha512-jn7qwGFmJHwUSphV8zZneO3GmtlgLsmhs/LQyVvQbIIa+fzGMUiHI4HXJZL3FT8MJmgXWbLGiVVY7ElvHq6vDA==
    dependencies:
      sass "*"
  
  "@types/triple-beam@^1.3.2":
    version "1.3.5"
    resolved "https://registry.yarnpkg.com/@types/triple-beam/-/triple-beam-1.3.5.tgz#74fef9ffbaa198eb8b588be029f38b00299caa2c"
    integrity sha512-6WaYesThRMCl19iryMYP7/x2OVgCtbIVflDGFpWnb9irXI3UjYE4AzmYuiUKY1AJstGijoY+MgUszMgRxIYTYw==
  
  "@types/trusted-types@^2.0.2":
    version "2.0.7"
    resolved "https://registry.yarnpkg.com/@types/trusted-types/-/trusted-types-2.0.7.tgz#baccb07a970b91707df3a3e8ba6896c57ead2d11"
    integrity sha512-ScaPdn1dQczgbl0QFTeTOmVHFULt394XJgOQNoyVhZ6r2vLnMLJfBPd53SB52T/3G36VI1/g2MZaX0cwDuXsfw==
  
  "@types/yauzl@^2.9.1":
    version "2.10.3"
    resolved "https://registry.yarnpkg.com/@types/yauzl/-/yauzl-2.10.3.tgz#e9b2808b4f109504a03cda958259876f61017999"
    integrity sha512-oJoftv0LSuaDZE3Le4DbKX+KS9G36NzOeSap90UIK0yMA/NhKJhqlSGtNDORNRaIbQfzjXDrQa0ytJ6mNRGz/Q==
    dependencies:
      "@types/node" "*"
  
  "@vitest/expect@0.28.5":
    version "0.28.5"
    resolved "https://registry.yarnpkg.com/@vitest/expect/-/expect-0.28.5.tgz#d5a6eccd014e9ad66fe87a20d16426a2815c0e8a"
    integrity sha512-gqTZwoUTwepwGIatnw4UKpQfnoyV0Z9Czn9+Lo2/jLIt4/AXLTn+oVZxlQ7Ng8bzcNkR+3DqLJ08kNr8jRmdNQ==
    dependencies:
      "@vitest/spy" "0.28.5"
      "@vitest/utils" "0.28.5"
      chai "^4.3.7"
  
  "@vitest/runner@0.28.5":
    version "0.28.5"
    resolved "https://registry.yarnpkg.com/@vitest/runner/-/runner-0.28.5.tgz#4a18fe0e40b25569763f9f1f64b799d1629b3026"
    integrity sha512-NKkHtLB+FGjpp5KmneQjTcPLWPTDfB7ie+MmF1PnUBf/tGe2OjGxWyB62ySYZ25EYp9krR5Bw0YPLS/VWh1QiA==
    dependencies:
      "@vitest/utils" "0.28.5"
      p-limit "^4.0.0"
      pathe "^1.1.0"
  
  "@vitest/spy@0.28.5":
    version "0.28.5"
    resolved "https://registry.yarnpkg.com/@vitest/spy/-/spy-0.28.5.tgz#b69affa0786200251b9e5aac5c58bbfb1b3273c9"
    integrity sha512-7if6rsHQr9zbmvxN7h+gGh2L9eIIErgf8nSKYDlg07HHimCxp4H6I/X/DPXktVPPLQfiZ1Cw2cbDIx9fSqDjGw==
    dependencies:
      tinyspy "^1.0.2"
  
  "@vitest/utils@0.28.5":
    version "0.28.5"
    resolved "https://registry.yarnpkg.com/@vitest/utils/-/utils-0.28.5.tgz#7b82b528df86adfbd4a1f6a3b72c39790e81de0d"
    integrity sha512-UyZdYwdULlOa4LTUSwZ+Paz7nBHGTT72jKwdFSV4IjHF1xsokp+CabMdhjvVhYwkLfO88ylJT46YMilnkSARZA==
    dependencies:
      cli-truncate "^3.1.0"
      diff "^5.1.0"
      loupe "^2.3.6"
      picocolors "^1.0.0"
      pretty-format "^27.5.1"
  
  "@whatwg-node/promise-helpers@^1.0.0":
    version "1.3.1"
    resolved "https://registry.yarnpkg.com/@whatwg-node/promise-helpers/-/promise-helpers-1.3.1.tgz#65f1820fa652ddc1062aa0fe7456726e8676ea43"
    integrity sha512-D+OwTEunoQhVHVToD80dPhfz9xgPLqJyEA3F5jCRM14A2u8tBBQVdZekqfqx6ZAfZ+POT4Hb0dn601UKMsvADw==
    dependencies:
      tslib "^2.6.3"
  
  acorn-walk@^8.1.1, acorn-walk@^8.2.0:
    version "8.3.4"
    resolved "https://registry.yarnpkg.com/acorn-walk/-/acorn-walk-8.3.4.tgz#794dd169c3977edf4ba4ea47583587c5866236b7"
    integrity sha512-ueEepnujpqee2o5aIYnvHU6C0A42MNdsIDeqy5BydrkuC5R1ZuUFnm27EeFJGoEHJQgn3uleRvmTXaJgfXbt4g==
    dependencies:
      acorn "^8.11.0"
  
  acorn@^8.10.0, acorn@^8.11.0, acorn@^8.14.0, acorn@^8.4.1, acorn@^8.8.1:
    version "8.14.1"
    resolved "https://registry.yarnpkg.com/acorn/-/acorn-8.14.1.tgz#721d5dc10f7d5b5609a891773d47731796935dfb"
    integrity sha512-OvQ/2pUDKmgfCg++xsTX1wGxfTaszcHVcTctW4UJB4hibJx2HXxxO5UmVgyjMa+ZDsiaf5wWLXYpRWMmBI0QHg==
  
  agent-base@6:
    version "6.0.2"
    resolved "https://registry.yarnpkg.com/agent-base/-/agent-base-6.0.2.tgz#49fff58577cfee3f37176feab4c22e00f86d7f77"
    integrity sha512-RZNwNclF7+MS/8bDg70amg32dyeZGZxiDuQmZxKLAlQjr3jGyLx+4Kkk58UO7D2QdgFIQCovuSuZESne6RG6XQ==
    dependencies:
      debug "4"
  
  ansi-regex@^5.0.1:
    version "5.0.1"
    resolved "https://registry.yarnpkg.com/ansi-regex/-/ansi-regex-5.0.1.tgz#082cb2c89c9fe8659a311a53bd6a4dc5301db304"
    integrity sha512-quJQXlTSUGL2LH9SUXo8VwsY4soanhgo6LNSm84E1LBcE8s3O0wpdiRzyR9z/ZZJMlMWv37qOOb9pdJlMUEKFQ==
  
  ansi-regex@^6.0.1:
    version "6.1.0"
    resolved "https://registry.yarnpkg.com/ansi-regex/-/ansi-regex-6.1.0.tgz#95ec409c69619d6cb1b8b34f14b660ef28ebd654"
    integrity sha512-7HSX4QQb4CspciLpVFwyRe79O3xsIZDDLER21kERQ71oaPodF8jL725AgJMFAYbooIqolJoRLuM81SpeUkpkvA==
  
  ansi-styles@^4.0.0, ansi-styles@^4.1.0:
    version "4.3.0"
    resolved "https://registry.yarnpkg.com/ansi-styles/-/ansi-styles-4.3.0.tgz#edd803628ae71c04c85ae7a0906edad34b648937"
    integrity sha512-zbB9rCJAT1rbjiVDb2hqKFHNYLxgtk8NURxZ3IZwD3F6NtxbXZQCnnSi1Lkx+IDohdPlFp222wVALIheZJQSEg==
    dependencies:
      color-convert "^2.0.1"
  
  ansi-styles@^5.0.0:
    version "5.2.0"
    resolved "https://registry.yarnpkg.com/ansi-styles/-/ansi-styles-5.2.0.tgz#07449690ad45777d1924ac2abb2fc8895dba836b"
    integrity sha512-Cxwpt2SfTzTtXcfOlzGEee8O+c+MmUgGrNiBcXnuWxuFJHe6a5Hz7qwhwe5OgaSYI0IJvkLqWX1ASG+cJOkEiA==
  
  ansi-styles@^6.0.0:
    version "6.2.1"
    resolved "https://registry.yarnpkg.com/ansi-styles/-/ansi-styles-6.2.1.tgz#0e62320cf99c21afff3b3012192546aacbfb05c5"
    integrity sha512-bN798gFfQX+viw3R7yrGWRqnrN2oRkEkUjjl4JNn4E8GxxbjtG3FbrEIIY3l8/hrwUwIeCZvi4QuOTP4MErVug==
  
  anymatch@~3.1.2:
    version "3.1.3"
    resolved "https://registry.yarnpkg.com/anymatch/-/anymatch-3.1.3.tgz#790c58b19ba1720a84205b57c618d5ad8524973e"
    integrity sha512-KMReFUr0B4t+D+OBkjR3KYqvocp2XaSzO55UcB6mgQMd3KbcE+mWTyvVV7D/zsdEbNnV6acZUutkiHQXvTr1Rw==
    dependencies:
      normalize-path "^3.0.0"
      picomatch "^2.0.4"
  
  archiver-utils@^2.1.0:
    version "2.1.0"
    resolved "https://registry.yarnpkg.com/archiver-utils/-/archiver-utils-2.1.0.tgz#e8a460e94b693c3e3da182a098ca6285ba9249e2"
    integrity sha512-bEL/yUb/fNNiNTuUz979Z0Yg5L+LzLxGJz8x79lYmR54fmTIb6ob/hNQgkQnIUDWIFjZVQwl9Xs356I6BAMHfw==
    dependencies:
      glob "^7.1.4"
      graceful-fs "^4.2.0"
      lazystream "^1.0.0"
      lodash.defaults "^4.2.0"
      lodash.difference "^4.5.0"
      lodash.flatten "^4.4.0"
      lodash.isplainobject "^4.0.6"
      lodash.union "^4.6.0"
      normalize-path "^3.0.0"
      readable-stream "^2.0.0"
  
  archiver-utils@^3.0.4:
    version "3.0.4"
    resolved "https://registry.yarnpkg.com/archiver-utils/-/archiver-utils-3.0.4.tgz#a0d201f1cf8fce7af3b5a05aea0a337329e96ec7"
    integrity sha512-KVgf4XQVrTjhyWmx6cte4RxonPLR9onExufI1jhvw/MQ4BB6IsZD5gT8Lq+u/+pRkWna/6JoHpiQioaqFP5Rzw==
    dependencies:
      glob "^7.2.3"
      graceful-fs "^4.2.0"
      lazystream "^1.0.0"
      lodash.defaults "^4.2.0"
      lodash.difference "^4.5.0"
      lodash.flatten "^4.4.0"
      lodash.isplainobject "^4.0.6"
      lodash.union "^4.6.0"
      normalize-path "^3.0.0"
      readable-stream "^3.6.0"
  
  archiver@^5.3.0:
    version "5.3.2"
    resolved "https://registry.yarnpkg.com/archiver/-/archiver-5.3.2.tgz#99991d5957e53bd0303a392979276ac4ddccf3b0"
    integrity sha512-+25nxyyznAXF7Nef3y0EbBeqmGZgeN/BxHX29Rs39djAfaFalmQ89SE6CWyDCHzGL0yt/ycBtNOmGTW0FyGWNw==
    dependencies:
      archiver-utils "^2.1.0"
      async "^3.2.4"
      buffer-crc32 "^0.2.1"
      readable-stream "^3.6.0"
      readdir-glob "^1.1.2"
      tar-stream "^2.2.0"
      zip-stream "^4.1.0"
  
  arg@^4.1.0:
    version "4.1.3"
    resolved "https://registry.yarnpkg.com/arg/-/arg-4.1.3.tgz#269fc7ad5b8e42cb63c896d5666017261c144089"
    integrity sha512-58S9QDqG0Xx27YwPSt9fJxivjYl432YCwfDMfZ+71RAqUrZef7LrKQZ3LHLOwCS4FLNBplP533Zx895SeOCHvA==
  
  assertion-error@^1.1.0:
    version "1.1.0"
    resolved "https://registry.yarnpkg.com/assertion-error/-/assertion-error-1.1.0.tgz#e60b6b0e8f301bd97e5375215bda406c85118c0b"
    integrity sha512-jgsaNduz+ndvGyFt3uSuWqvy4lCnIJiovtouQN5JZHOKCS2QuhEdbcQHFhVksz2N2U9hXJo8odG7ETyWlEeuDw==
  
  astral-regex@^2.0.0:
    version "2.0.0"
    resolved "https://registry.yarnpkg.com/astral-regex/-/astral-regex-2.0.0.tgz#483143c567aeed4785759c0865786dc77d7d2e31"
    integrity sha512-Z7tMw1ytTXt5jqMcOP+OQteU1VuNK9Y02uuJtKQ1Sv69jXQKKg5cibLwGJow8yzZP+eAc18EmLGPal0bp36rvQ==
  
  async-signals@^0.1.10:
    version "0.1.11"
    resolved "https://registry.yarnpkg.com/async-signals/-/async-signals-0.1.11.tgz#47d3541a34badf5c6aa695fb2998cddf97823f35"
    integrity sha512-ooYxYRwcOOAVQ8QFVu+Xt0PRB3dHVzGgWyFyE+h6BkdGKXD+b1eecIrNWTDgBQGp5yV/le8zpSTp1KKVRYgtBg==
    dependencies:
      lit "^3.0.0"
      signal-polyfill "^0.1.0"
  
  async@^3.2.0, async@^3.2.3, async@^3.2.4:
    version "3.2.6"
    resolved "https://registry.yarnpkg.com/async/-/async-3.2.6.tgz#1b0728e14929d51b85b449b7f06e27c1145e38ce"
    integrity sha512-htCUDlxyyCLMgaM3xXg0C0LW2xqfuQ6p05pCEIsXuyQ+a1koYKTuBMzRNwmybfLgvJDMd0r1LTn4+E0Ti6C2AA==
  
  asynckit@^0.4.0:
    version "0.4.0"
    resolved "https://registry.yarnpkg.com/asynckit/-/asynckit-0.4.0.tgz#c79ed97f7f34cb8f2ba1bc9790bcc366474b4b79"
    integrity sha512-Oei9OH4tRh0YqU3GxhX79dM/mwVgvbZJaSNaRk+bshkj0S5cfHcgYakreBjrHwatXKbz+IoIdYLxrKim2MjW0Q==
  
  axios@^1.6.0:
    version "1.9.0"
    resolved "https://registry.yarnpkg.com/axios/-/axios-1.9.0.tgz#25534e3b72b54540077d33046f77e3b8d7081901"
    integrity sha512-re4CqKTJaURpzbLHtIi6XpDv20/CnpXOtjRY5/CU32L8gU8ek9UIivcfvSWvmKEngmVbrUtPpdDwWDWL7DNHvg==
    dependencies:
      follow-redirects "^1.15.6"
      form-data "^4.0.0"
      proxy-from-env "^1.1.0"
  
  balanced-match@^1.0.0:
    version "1.0.2"
    resolved "https://registry.yarnpkg.com/balanced-match/-/balanced-match-1.0.2.tgz#e83e3a7e3f300b34cb9d87f615fa0cbf357690ee"
    integrity sha512-3oSeUO0TMV67hN1AmbXsK4yaqU7tjiHlbxRDZOpH0KW9+CeX4bRAaX0Anxt0tx2MrpRpWwQaPwIlISEJhYU5Pw==
  
  base64-js@^1.3.1:
    version "1.5.1"
    resolved "https://registry.yarnpkg.com/base64-js/-/base64-js-1.5.1.tgz#1b1b440160a5bf7ad40b650f095963481903930a"
    integrity sha512-AKpaYlHn8t4SVbOHCy+b5+KKgvR4vrsD8vbvrbiQJps7fKDTkjkDry6ji0rUJjC0kzbNePLwzxq8iypo41qeWA==
  
  bestzip@^2.2.0:
    version "2.2.1"
    resolved "https://registry.yarnpkg.com/bestzip/-/bestzip-2.2.1.tgz#6f14c48e7abf57dfac60aecb45ee4571b77b37a7"
    integrity sha512-XdAb87RXqOqF7C6UgQG9IqpEHJvS6IOUo0bXWEAebjSSdhDjsbcqFKdHpn5Q7QHz2pGr3Zmw4wgG3LlzdyDz7w==
    dependencies:
      archiver "^5.3.0"
      async "^3.2.0"
      glob "^7.1.6"
      which "^2.0.2"
      yargs "^16.2.0"
  
  binary-extensions@^2.0.0:
    version "2.3.0"
    resolved "https://registry.yarnpkg.com/binary-extensions/-/binary-extensions-2.3.0.tgz#f6e14a97858d327252200242d4ccfe522c445522"
    integrity sha512-Ceh+7ox5qe7LJuLHoY0feh3pHuUDHAcRUeyL2VYghZwfpkNIy/+8Ocg0a3UuSoYzavmylwuLWQOf3hl0jjMMIw==
  
  bl@^4.0.3:
    version "4.1.0"
    resolved "https://registry.yarnpkg.com/bl/-/bl-4.1.0.tgz#451535264182bec2fbbc83a62ab98cf11d9f7b3a"
    integrity sha512-1W07cM9gS6DcLperZfFSj+bWLtaPGSOHWhPiGzXmvVJbRLdG82sH/Kn8EtW1VqWVA54AKf2h5k5BbnIbwF3h6w==
    dependencies:
      buffer "^5.5.0"
      inherits "^2.0.4"
      readable-stream "^3.4.0"
  
  blakejs@^1.2.1:
    version "1.2.1"
    resolved "https://registry.yarnpkg.com/blakejs/-/blakejs-1.2.1.tgz#5057e4206eadb4a97f7c0b6e197a505042fc3814"
    integrity sha512-QXUSXI3QVc/gJME0dBpXrag1kbzOqCjCX8/b54ntNyW6sjtoqxqRk3LTmXzaJoh71zMsDCjM+47jS7XiwN/+fQ==
  
  boolean@^3.0.1:
    version "3.2.0"
    resolved "https://registry.yarnpkg.com/boolean/-/boolean-3.2.0.tgz#9e5294af4e98314494cbb17979fa54ca159f116b"
    integrity sha512-d0II/GO9uf9lfUHH2BQsjxzRJZBdsjgsBiW4BvhWk/3qoKwQFjIDVN19PfX8F2D/r9PCMTtLWjYVCFrpeYUzsw==
  
  brace-expansion@^1.1.7:
    version "1.1.11"
    resolved "https://registry.yarnpkg.com/brace-expansion/-/brace-expansion-1.1.11.tgz#3c7fcbf529d87226f3d2f52b966ff5271eb441dd"
    integrity sha512-iCuPHDFgrHX7H2vEI/5xpz07zSHB00TpugqhmYtVmMO6518mCuRMoOYFldEBl0g187ufozdaHgWKcYFb61qGiA==
    dependencies:
      balanced-match "^1.0.0"
      concat-map "0.0.1"
  
  brace-expansion@^2.0.1:
    version "2.0.1"
    resolved "https://registry.yarnpkg.com/brace-expansion/-/brace-expansion-2.0.1.tgz#1edc459e0f0c548486ecf9fc99f2221364b9a0ae"
    integrity sha512-XnAIvQ8eM+kC6aULx6wuQiwVsnzsi9d3WxzV3FpWTGA19F621kwdbsAcFKXgKUHZWsy+mY6iL1sHTxWEFCytDA==
    dependencies:
      balanced-match "^1.0.0"
  
  braces@^3.0.3, braces@~3.0.2:
    version "3.0.3"
    resolved "https://registry.yarnpkg.com/braces/-/braces-3.0.3.tgz#490332f40919452272d55a8480adc0c441358789"
    integrity sha512-yQbXgO/OSZVD2IsiLlro+7Hf6Q18EJrKSEsdoMzKePKXct3gvD8oLcOQdIzGupr5Fj+EDe8gO/lxc1BzfMpxvA==
    dependencies:
      fill-range "^7.1.1"
  
  buffer-crc32@^0.2.1, buffer-crc32@^0.2.13, buffer-crc32@^0.2.5, buffer-crc32@~0.2.3:
    version "0.2.13"
    resolved "https://registry.yarnpkg.com/buffer-crc32/-/buffer-crc32-0.2.13.tgz#0d333e3f00eac50aa1454abd30ef8c2a5d9a7242"
    integrity sha512-VO9Ht/+p3SN7SKWqcrgEzjGbRSJYTx+Q1pTQC0wrWqHx0vpJraQ6GtHx8tvcg1rlK1byhU5gccxgOgj7B0TDkQ==
  
  buffer-equal-constant-time@1.0.1:
    version "1.0.1"
    resolved "https://registry.yarnpkg.com/buffer-equal-constant-time/-/buffer-equal-constant-time-1.0.1.tgz#f8e71132f7ffe6e01a5c9697a4c6f3e48d5cc819"
    integrity sha512-zRpUiDwd/xk6ADqPMATG8vc9VPrkck7T07OIx0gnjmJAnHnTVXNQG3vfvWNuiZIkwu9KrKdA1iJKfsfTVxE6NA==
  
  buffer-from@^1.0.0:
    version "1.1.2"
    resolved "https://registry.yarnpkg.com/buffer-from/-/buffer-from-1.1.2.tgz#2b146a6fd72e80b4f55d255f35ed59a3a9a41bd5"
    integrity sha512-E+XQCRwSbaaiChtv6k6Dwgc+bx+Bs6vuKJHHl5kox/BaKbhiXzqQOwK4cO22yElGp2OCmjwVhT3HmxgyPGnJfQ==
  
  buffer@^5.5.0:
    version "5.7.1"
    resolved "https://registry.yarnpkg.com/buffer/-/buffer-5.7.1.tgz#ba62e7c13133053582197160851a8f648e99eed0"
    integrity sha512-EHcyIPBQ4BSGlvjB16k5KgAJ27CIsHY/2JBmCRReo48y9rQ3MaUzWX3KVlBa4U7MyX02HdVj0K7C3WaB3ju7FQ==
    dependencies:
      base64-js "^1.3.1"
      ieee754 "^1.1.13"
  
  bufferutil@4.0.8:
    version "4.0.8"
    resolved "https://registry.yarnpkg.com/bufferutil/-/bufferutil-4.0.8.tgz#1de6a71092d65d7766c4d8a522b261a6e787e8ea"
    integrity sha512-4T53u4PdgsXqKaIctwF8ifXlRTTmEPJ8iEPWFdGZvcf7sbwYo6FKFEX9eNNAnzFZ7EzJAQ3CJeOtCRA4rDp7Pw==
    dependencies:
      node-gyp-build "^4.3.0"
  
  cac@^6.7.14:
    version "6.7.14"
    resolved "https://registry.yarnpkg.com/cac/-/cac-6.7.14.tgz#804e1e6f506ee363cb0e3ccbb09cad5dd9870959"
    integrity sha512-b6Ilus+c3RrdDk+JhLKUAQfzzgLEPy6wcXqS7f/xe1EETvsDP6GORG7SFuOs6cID5YkqchW/LXZbX5bc8j7ZcQ==
  
  cacheable-lookup@^5.0.3:
    version "5.0.4"
    resolved "https://registry.yarnpkg.com/cacheable-lookup/-/cacheable-lookup-5.0.4.tgz#5a6b865b2c44357be3d5ebc2a467b032719a7005"
    integrity sha512-2/kNscPhpcxrOigMZzbiWF7dz8ilhb/nIHU3EyZiXWXpeq/au8qJ8VhdftMkty3n7Gj6HIGalQG8oiBNB3AJgA==
  
  cacheable-request@^7.0.2:
    version "7.0.4"
    resolved "https://registry.yarnpkg.com/cacheable-request/-/cacheable-request-7.0.4.tgz#7a33ebf08613178b403635be7b899d3e69bbe817"
    integrity sha512-v+p6ongsrp0yTGbJXjgxPow2+DL93DASP4kXCDKb8/bwRtt9OEF3whggkkDkGNzgcWy2XaF4a8nZglC7uElscg==
    dependencies:
      clone-response "^1.0.2"
      get-stream "^5.1.0"
      http-cache-semantics "^4.0.0"
      keyv "^4.0.0"
      lowercase-keys "^2.0.0"
      normalize-url "^6.0.1"
      responselike "^2.0.0"
  
  call-bind-apply-helpers@^1.0.1, call-bind-apply-helpers@^1.0.2:
    version "1.0.2"
    resolved "https://registry.yarnpkg.com/call-bind-apply-helpers/-/call-bind-apply-helpers-1.0.2.tgz#4b5428c222be985d79c3d82657479dbe0b59b2d6"
    integrity sha512-Sp1ablJ0ivDkSzjcaJdxEunN5/XvksFJ2sMBFfq6x0ryhQV/2b/KwFe21cMpmHtPOSij8K99/wSfoEuTObmuMQ==
    dependencies:
      es-errors "^1.3.0"
      function-bind "^1.1.2"
  
  call-bound@^1.0.2:
    version "1.0.4"
    resolved "https://registry.yarnpkg.com/call-bound/-/call-bound-1.0.4.tgz#238de935d2a2a692928c538c7ccfa91067fd062a"
    integrity sha512-+ys997U96po4Kx/ABpBCqhA9EuxJaQWDQg7295H4hBphv3IZg0boBKuwYpt4YXp6MZ5AmZQnU/tyMTlRpaSejg==
    dependencies:
      call-bind-apply-helpers "^1.0.2"
      get-intrinsic "^1.3.0"
  
  callsites@^3.0.0:
    version "3.1.0"
    resolved "https://registry.yarnpkg.com/callsites/-/callsites-3.1.0.tgz#b3630abd8943432f54b3f0519238e33cd7df2f73"
    integrity sha512-P8BjAsXvZS+VIDUI11hHCQEv74YT67YUi5JJFNWIqL235sBmjX4+qx9Muvls5ivyNENctx46xQLQ3aTuE7ssaQ==
  
  chai@^4.3.7:
    version "4.5.0"
    resolved "https://registry.yarnpkg.com/chai/-/chai-4.5.0.tgz#707e49923afdd9b13a8b0b47d33d732d13812fd8"
    integrity sha512-RITGBfijLkBddZvnn8jdqoTypxvqbOLYQkGGxXzeFjVHvudaPw0HNFD9x928/eUwYWd2dPCugVqspGALTZZQKw==
    dependencies:
      assertion-error "^1.1.0"
      check-error "^1.0.3"
      deep-eql "^4.1.3"
      get-func-name "^2.0.2"
      loupe "^2.3.6"
      pathval "^1.1.1"
      type-detect "^4.1.0"
  
  chalk@^4.1.0:
    version "4.1.2"
    resolved "https://registry.yarnpkg.com/chalk/-/chalk-4.1.2.tgz#aac4e2b7734a740867aeb16bf02aad556a1e7a01"
    integrity sha512-oKnbhFyRIXpUuez8iBMmyEa4nbj4IOQyuhc/wy9kY7/WVPcwIO9VA668Pu8RkO7+0G76SLROeyw9CpQ061i4mA==
    dependencies:
      ansi-styles "^4.1.0"
      supports-color "^7.1.0"
  
  check-error@^1.0.3:
    version "1.0.3"
    resolved "https://registry.yarnpkg.com/check-error/-/check-error-1.0.3.tgz#a6502e4312a7ee969f646e83bb3ddd56281bd694"
    integrity sha512-iKEoDYaRmd1mxM90a2OEfWhjsjPpYPuQ+lMYsoxB126+t8fw7ySEO48nmDg5COTjxDI65/Y2OWpeEHk3ZOe8zg==
    dependencies:
      get-func-name "^2.0.2"
  
  chokidar@^3.4.1, chokidar@^3.5.3:
    version "3.6.0"
    resolved "https://registry.yarnpkg.com/chokidar/-/chokidar-3.6.0.tgz#197c6cc669ef2a8dc5e7b4d97ee4e092c3eb0d5b"
    integrity sha512-7VT13fmjotKpGipCW9JEQAusEPE+Ei8nl6/g4FBAmIm0GOOLMua9NDDo/DWp0ZAxCr3cPq5ZpBqmPAQgDda2Pw==
    dependencies:
      anymatch "~3.1.2"
      braces "~3.0.2"
      glob-parent "~5.1.2"
      is-binary-path "~2.1.0"
      is-glob "~4.0.1"
      normalize-path "~3.0.0"
      readdirp "~3.6.0"
    optionalDependencies:
      fsevents "~2.3.2"
  
  chokidar@^4.0.0:
    version "4.0.3"
    resolved "https://registry.yarnpkg.com/chokidar/-/chokidar-4.0.3.tgz#7be37a4c03c9aee1ecfe862a4a23b2c70c205d30"
    integrity sha512-Qgzu8kfBvo+cA4962jnP1KkS6Dop5NS6g7R5LFYJr4b8Ub94PPQXUksCw9PvXoeXPRRddRNC5C1JQUR2SMGtnA==
    dependencies:
      readdirp "^4.0.1"
  
  cli-truncate@^2.1.0:
    version "2.1.0"
    resolved "https://registry.yarnpkg.com/cli-truncate/-/cli-truncate-2.1.0.tgz#c39e28bf05edcde5be3b98992a22deed5a2b93c7"
    integrity sha512-n8fOixwDD6b/ObinzTrp1ZKFzbgvKZvuz/TvejnLn1aQfC6r52XEx85FmuC+3HI+JM7coBRXUvNqEU2PHVrHpg==
    dependencies:
      slice-ansi "^3.0.0"
      string-width "^4.2.0"
  
  cli-truncate@^3.1.0:
    version "3.1.0"
    resolved "https://registry.yarnpkg.com/cli-truncate/-/cli-truncate-3.1.0.tgz#3f23ab12535e3d73e839bb43e73c9de487db1389"
    integrity sha512-wfOBkjXteqSnI59oPcJkcPl/ZmwvMMOj340qUIY1SKZCv0B9Cf4D4fAucRkIKQmsIuYK3x1rrgU7MeGRruiuiA==
    dependencies:
      slice-ansi "^5.0.0"
      string-width "^5.0.0"
  
  cliui@^7.0.2:
    version "7.0.4"
    resolved "https://registry.yarnpkg.com/cliui/-/cliui-7.0.4.tgz#a0265ee655476fc807aea9df3df8df7783808b4f"
    integrity sha512-OcRE68cOsVMXp1Yvonl/fzkQOyjLSu/8bhPDfQt0e0/Eb283TKP20Fs2MqoPsr9SwA595rRCA+QMzYc9nBP+JQ==
    dependencies:
      string-width "^4.2.0"
      strip-ansi "^6.0.0"
      wrap-ansi "^7.0.0"
  
  clone-response@^1.0.2:
    version "1.0.3"
    resolved "https://registry.yarnpkg.com/clone-response/-/clone-response-1.0.3.tgz#af2032aa47816399cf5f0a1d0db902f517abb8c3"
    integrity sha512-ROoL94jJH2dUVML2Y/5PEDNaSHgeOdSDicUyS7izcF63G6sTc/FTjLub4b8Il9S8S0beOfYt0TaA5qvFK+w0wA==
    dependencies:
      mimic-response "^1.0.0"
  
  color-convert@^1.9.3:
    version "1.9.3"
    resolved "https://registry.yarnpkg.com/color-convert/-/color-convert-1.9.3.tgz#bb71850690e1f136567de629d2d5471deda4c1e8"
    integrity sha512-QfAUtd+vFdAtFQcC8CCyYt1fYWxSqAiK2cSD6zDB8N3cpsEBAvRxp9zOGg6G/SHHJYAT88/az/IuDGALsNVbGg==
    dependencies:
      color-name "1.1.3"
  
  color-convert@^2.0.1:
    version "2.0.1"
    resolved "https://registry.yarnpkg.com/color-convert/-/color-convert-2.0.1.tgz#72d3a68d598c9bdb3af2ad1e84f21d896abd4de3"
    integrity sha512-RRECPsj7iu/xb5oKYcsFHSppFNnsj/52OVTRKb4zP5onXwVF3zVmmToNcOfGC+CRDpfK/U584fMg38ZHCaElKQ==
    dependencies:
      color-name "~1.1.4"
  
  color-name@1.1.3:
    version "1.1.3"
    resolved "https://registry.yarnpkg.com/color-name/-/color-name-1.1.3.tgz#a7d0558bd89c42f795dd42328f740831ca53bc25"
    integrity sha512-72fSenhMw2HZMTVHeCA9KCmpEIbzWiQsjN+BHcBbS9vr1mtt+vJjPdksIBNUmKAW8TFUDPJK5SUU3QhE9NEXDw==
  
  color-name@^1.0.0, color-name@~1.1.4:
    version "1.1.4"
    resolved "https://registry.yarnpkg.com/color-name/-/color-name-1.1.4.tgz#c2a09a87acbde69543de6f63fa3995c826c536a2"
    integrity sha512-dOy+3AuW3a2wNbZHIuMZpTcgjGuLU/uBL/ubcZF9OXbDo8ff4O8yVp5Bf0efS8uEoYo5q4Fx7dY9OgQGXgAsQA==
  
  color-string@^1.6.0:
    version "1.9.1"
    resolved "https://registry.yarnpkg.com/color-string/-/color-string-1.9.1.tgz#4467f9146f036f855b764dfb5bf8582bf342c7a4"
    integrity sha512-shrVawQFojnZv6xM40anx4CkoDP+fZsw/ZerEMsW/pyzsRbElpsL/DBVW7q3ExxwusdNXI3lXpuhEZkzs8p5Eg==
    dependencies:
      color-name "^1.0.0"
      simple-swizzle "^0.2.2"
  
  color@^3.1.3:
    version "3.2.1"
    resolved "https://registry.yarnpkg.com/color/-/color-3.2.1.tgz#3544dc198caf4490c3ecc9a790b54fe9ff45e164"
    integrity sha512-aBl7dZI9ENN6fUGC7mWpMTPNHmWUSNan9tuWN6ahh5ZLNk9baLJOnSMlrQkHcrfFgz2/RigjUVAjdx36VcemKA==
    dependencies:
      color-convert "^1.9.3"
      color-string "^1.6.0"
  
  colorspace@1.1.x:
    version "1.1.4"
    resolved "https://registry.yarnpkg.com/colorspace/-/colorspace-1.1.4.tgz#8d442d1186152f60453bf8070cd66eb364e59243"
    integrity sha512-BgvKJiuVu1igBUF2kEjRCZXol6wiiGbY5ipL/oVPwm0BL9sIpMIzM8IK7vwuxIIzOXMV3Ey5w+vxhm0rR/TN8w==
    dependencies:
      color "^3.1.3"
      text-hex "1.0.x"
  
  combined-stream@^1.0.8:
    version "1.0.8"
    resolved "https://registry.yarnpkg.com/combined-stream/-/combined-stream-1.0.8.tgz#c3d45a8b34fd730631a110a8a2520682b31d5a7f"
    integrity sha512-FQN4MRfuJeHf7cBbBMJFXhKSDq+2kAArBlmRBvcvFE5BB1HZKXtSFASDhdlz9zOYwxh8lDdnvmMOe/+5cdoEdg==
    dependencies:
      delayed-stream "~1.0.0"
  
  commander@11.1.0:
    version "11.1.0"
    resolved "https://registry.yarnpkg.com/commander/-/commander-11.1.0.tgz#62fdce76006a68e5c1ab3314dc92e800eb83d906"
    integrity sha512-yPVavfyCcRhmorC7rWlkHn15b4wDVgVmBA7kV4QVBsF7kv/9TKJAbAXVTxvTnwP8HHKjRCJDClKbciiYS7p0DQ==
  
  compress-commons@^4.1.2:
    version "4.1.2"
    resolved "https://registry.yarnpkg.com/compress-commons/-/compress-commons-4.1.2.tgz#6542e59cb63e1f46a8b21b0e06f9a32e4c8b06df"
    integrity sha512-D3uMHtGc/fcO1Gt1/L7i1e33VOvD4A9hfQLP+6ewd+BvG/gQ84Yh4oftEhAdjSMgBgwGL+jsppT7JYNpo6MHHg==
    dependencies:
      buffer-crc32 "^0.2.13"
      crc32-stream "^4.0.2"
      normalize-path "^3.0.0"
      readable-stream "^3.6.0"
  
  concat-map@0.0.1:
    version "0.0.1"
    resolved "https://registry.yarnpkg.com/concat-map/-/concat-map-0.0.1.tgz#d8a96bd77fd68df7793a73036a3ba0d5405d477b"
    integrity sha512-/Srv4dswyQNBfohGpz9o6Yb3Gz3SrUDqBH5rTuhGR7ahtlbYKnVxw2bCFMRljaA7EXHaXZ8wsHdodFvbkhKmqg==
  
  concurrently@^6.2.1:
    version "6.5.1"
    resolved "https://registry.yarnpkg.com/concurrently/-/concurrently-6.5.1.tgz#4518c67f7ac680cf5c34d5adf399a2a2047edc8c"
    integrity sha512-FlSwNpGjWQfRwPLXvJ/OgysbBxPkWpiVjy1042b0U7on7S7qwwMIILRj7WTN1mTgqa582bG6NFuScOoh6Zgdag==
    dependencies:
      chalk "^4.1.0"
      date-fns "^2.16.1"
      lodash "^4.17.21"
      rxjs "^6.6.3"
      spawn-command "^0.0.2-1"
      supports-color "^8.1.0"
      tree-kill "^1.2.2"
      yargs "^16.2.0"
  
  confbox@^0.1.8:
    version "0.1.8"
    resolved "https://registry.yarnpkg.com/confbox/-/confbox-0.1.8.tgz#820d73d3b3c82d9bd910652c5d4d599ef8ff8b06"
    integrity sha512-RMtmw0iFkeR4YV+fUOSucriAQNb9g8zFR52MWCtl+cCZOFRNL6zeB395vPzFhEjjn4fMxXudmELnl/KF/WrK6w==
  
  core-util-is@~1.0.0:
    version "1.0.3"
    resolved "https://registry.yarnpkg.com/core-util-is/-/core-util-is-1.0.3.tgz#a6042d3634c2b27e9328f837b965fac83808db85"
    integrity sha512-ZQBvi1DcpJ4GDqanjucZ2Hj3wEO5pZDS89BWbkcrvdxksJorwUDDZamX9ldFkp9aw2lmBDLgkObEA4DWNJ9FYQ==
  
  crc-32@^1.2.0:
    version "1.2.2"
    resolved "https://registry.yarnpkg.com/crc-32/-/crc-32-1.2.2.tgz#3cad35a934b8bf71f25ca524b6da51fb7eace2ff"
    integrity sha512-ROmzCKrTnOwybPcJApAA6WBWij23HVfGVNKqqrZpuyZOHqK2CwHSvpGuyt/UNNvaIjEd8X5IFGp4Mh+Ie1IHJQ==
  
  crc32-stream@^4.0.2:
    version "4.0.3"
    resolved "https://registry.yarnpkg.com/crc32-stream/-/crc32-stream-4.0.3.tgz#85dd677eb78fa7cad1ba17cc506a597d41fc6f33"
    integrity sha512-NT7w2JVU7DFroFdYkeq8cywxrgjPHWkdX1wjpRQXPX5Asews3tA+Ght6lddQO5Mkumffp3X7GEqku3epj2toIw==
    dependencies:
      crc-32 "^1.2.0"
      readable-stream "^3.4.0"
  
  create-require@^1.1.0:
    version "1.1.1"
    resolved "https://registry.yarnpkg.com/create-require/-/create-require-1.1.1.tgz#c1d7e8f1e5f6cfc9ff65f9cd352d37348756c333"
    integrity sha512-dcKFX3jn0MpIaXjisoRvexIJVEKzaq7z2rZKxf+MSr9TkdmHmsU4m2lcLojrj/FHl8mk5VxMmYA+ftRkP/3oKQ==
  
  cross-inspect@1.0.1:
    version "1.0.1"
    resolved "https://registry.yarnpkg.com/cross-inspect/-/cross-inspect-1.0.1.tgz#15f6f65e4ca963cf4cc1a2b5fef18f6ca328712b"
    integrity sha512-Pcw1JTvZLSJH83iiGWt6fRcT+BjZlCDRVwYLbUcHzv/CRpB7r0MlSrGbIyQvVSNyGnbt7G4AXuyCiDR3POvZ1A==
    dependencies:
      tslib "^2.4.0"
  
  date-fns@^2.16.1:
    version "2.30.0"
    resolved "https://registry.yarnpkg.com/date-fns/-/date-fns-2.30.0.tgz#f367e644839ff57894ec6ac480de40cae4b0f4d0"
    integrity sha512-fnULvOpxnC5/Vg3NCiWelDsLiUc9bRwAPs/+LfTLNvetFCtCTN+yQz15C/fs4AwX1R9K5GLtLfn8QW+dWisaAw==
    dependencies:
      "@babel/runtime" "^7.21.0"
  
  dayjs@^1.11.9:
    version "1.11.13"
    resolved "https://registry.yarnpkg.com/dayjs/-/dayjs-1.11.13.tgz#92430b0139055c3ebb60150aa13e860a4b5a366c"
    integrity sha512-oaMBel6gjolK862uaPQOVTA7q3TZhuSvuMQAAglQDOWYO9A91IrAOUJEyKVlqJlHE0vq5p5UXxzdPfMH/x6xNg==
  
  debug@4, debug@^4.1.0, debug@^4.1.1, debug@^4.3.4:
    version "4.4.0"
    resolved "https://registry.yarnpkg.com/debug/-/debug-4.4.0.tgz#2b3f2aea2ffeb776477460267377dc8710faba8a"
    integrity sha512-6WTZ/IxCY/T6BALoZHaE4ctp9xm+Z5kY/pzYaCHRFeyVhojxlrm+46y68HA6hr0TcwEssoxNiDEUJQjfPZ/RYA==
    dependencies:
      ms "^2.1.3"
  
  decompress-response@^6.0.0:
    version "6.0.0"
    resolved "https://registry.yarnpkg.com/decompress-response/-/decompress-response-6.0.0.tgz#ca387612ddb7e104bd16d85aab00d5ecf09c66fc"
    integrity sha512-aW35yZM6Bb/4oJlZncMH2LCoZtJXTRxES17vE3hoRiowU2kWHaJKFkSBDnDR+cm9J+9QhXmREyIfv0pji9ejCQ==
    dependencies:
      mimic-response "^3.1.0"
  
  deep-eql@^4.1.3:
    version "4.1.4"
    resolved "https://registry.yarnpkg.com/deep-eql/-/deep-eql-4.1.4.tgz#d0d3912865911bb8fac5afb4e3acfa6a28dc72b7"
    integrity sha512-SUwdGfqdKOwxCPeVYjwSyRpJ7Z+fhpwIAtmCUdZIWZ/YP5R9WAsyuSgpLVDi9bjWoN2LXHNss/dk3urXtdQxGg==
    dependencies:
      type-detect "^4.0.0"
  
  deepmerge@^4.3.1:
    version "4.3.1"
    resolved "https://registry.yarnpkg.com/deepmerge/-/deepmerge-4.3.1.tgz#44b5f2147cd3b00d4b56137685966f26fd25dd4a"
    integrity sha512-3sUqbMEc77XqpdNO7FRyRog+eW3ph+GYCbj+rK+uYyRMuwsVy0rMiVtPn+QJlKFvWP/1PYpapqYn0Me2knFn+A==
  
  defer-to-connect@^2.0.0:
    version "2.0.1"
    resolved "https://registry.yarnpkg.com/defer-to-connect/-/defer-to-connect-2.0.1.tgz#8016bdb4143e4632b77a3449c6236277de520587"
    integrity sha512-4tvttepXG1VaYGrRibk5EwJd1t4udunSOVMdLSAL6mId1ix438oPwPZMALY41FCijukO1L0twNcGsdzS7dHgDg==
  
  define-data-property@^1.0.1:
    version "1.1.4"
    resolved "https://registry.yarnpkg.com/define-data-property/-/define-data-property-1.1.4.tgz#894dc141bb7d3060ae4366f6a0107e68fbe48c5e"
    integrity sha512-rBMvIzlpA8v6E+SJZoo++HAYqsLrkg7MSfIinMPFhmkorw7X+dOXVJQs+QT69zGkzMyfDnIMN2Wid1+NbL3T+A==
    dependencies:
      es-define-property "^1.0.0"
      es-errors "^1.3.0"
      gopd "^1.0.1"
  
  define-properties@^1.2.1:
    version "1.2.1"
    resolved "https://registry.yarnpkg.com/define-properties/-/define-properties-1.2.1.tgz#10781cc616eb951a80a034bafcaa7377f6af2b6c"
    integrity sha512-8QmQKqEASLd5nx0U1B1okLElbUuuttJ/AnYmRXbbbGDWh6uS208EjD4Xqq/I9wK7u0v6O08XhTWnt5XtEbR6Dg==
    dependencies:
      define-data-property "^1.0.1"
      has-property-descriptors "^1.0.0"
      object-keys "^1.1.1"
  
  delayed-stream@~1.0.0:
    version "1.0.0"
    resolved "https://registry.yarnpkg.com/delayed-stream/-/delayed-stream-1.0.0.tgz#df3ae199acadfb7d440aaae0b29e2272b24ec619"
    integrity sha512-ZySD7Nf91aLB0RxL4KGrKHBXl7Eds1DAmEdcoVawXnLD7SDhpNgtuII2aAkg7a7QS41jxPSZ17p4VdGnMHk3MQ==
  
  detect-indent@^6.0.0:
    version "6.1.0"
    resolved "https://registry.yarnpkg.com/detect-indent/-/detect-indent-6.1.0.tgz#592485ebbbf6b3b1ab2be175c8393d04ca0d57e6"
    integrity sha512-reYkTUJAZb9gUuZ2RvVCNhVHdg62RHnJ7WJl8ftMi4diZ6NWlciOzQN88pUhSELEwflJht4oQDv0F0BMlwaYtA==
  
  detect-libc@^1.0.3:
    version "1.0.3"
    resolved "https://registry.yarnpkg.com/detect-libc/-/detect-libc-1.0.3.tgz#fa137c4bd698edf55cd5cd02ac559f91a4c4ba9b"
    integrity sha512-pGjwhsmsp4kL2RTz08wcOlGN83otlqHeD/Z5T8GXZB+/YcpQ/dgo+lbU8ZsGxV0HIvqqxo9l7mqYwyYMD9bKDg==
  
  detect-node@^2.0.4:
    version "2.1.0"
    resolved "https://registry.yarnpkg.com/detect-node/-/detect-node-2.1.0.tgz#c9c70775a49c3d03bc2c06d9a73be550f978f8b1"
    integrity sha512-T0NIuQpnTvFDATNuHN5roPwSBG83rFsuO+MXXH9/3N1eFbn4wcPjttvjMLEPWJ0RGUYgQE7cGgS3tNxbqCGM7g==
  
  diff@^4.0.1:
    version "4.0.2"
    resolved "https://registry.yarnpkg.com/diff/-/diff-4.0.2.tgz#60f3aecb89d5fae520c11aa19efc2bb982aade7d"
    integrity sha512-58lmxKSA4BNyLz+HHMUzlOEpg09FV+ev6ZMe3vJihgdxzgcwZ8VoEEPmALCZG9LmqfVoNMMKpttIYTVG6uDY7A==
  
  diff@^5.1.0:
    version "5.2.0"
    resolved "https://registry.yarnpkg.com/diff/-/diff-5.2.0.tgz#26ded047cd1179b78b9537d5ef725503ce1ae531"
    integrity sha512-uIFDxqpRZGZ6ThOk84hEfqWoHx2devRFvpTZcTHur85vImfaxUbTW9Ryh4CpCuDnToOP1CEtXKIgytHBPVff5A==
  
  dset@^3.1.4:
    version "3.1.4"
    resolved "https://registry.yarnpkg.com/dset/-/dset-3.1.4.tgz#f8eaf5f023f068a036d08cd07dc9ffb7d0065248"
    integrity sha512-2QF/g9/zTaPDc3BjNcVTGoBbXBgYfMTTceLaYcFJ/W9kggFUkhxD/hMEeuLKbugyef9SqAx8cpgwlIP/jinUTA==
  
  dunder-proto@^1.0.1:
    version "1.0.1"
    resolved "https://registry.yarnpkg.com/dunder-proto/-/dunder-proto-1.0.1.tgz#d7ae667e1dc83482f8b70fd0f6eefc50da30f58a"
    integrity sha512-KIN/nDJBQRcXw0MLVhZE9iQHmG68qAVIBg9CqmUYjmQIhgij9U5MFvrqkUL5FbtyyzZuOeOt0zdeRe4UY7ct+A==
    dependencies:
      call-bind-apply-helpers "^1.0.1"
      es-errors "^1.3.0"
      gopd "^1.2.0"
  
  eastasianwidth@^0.2.0:
    version "0.2.0"
    resolved "https://registry.yarnpkg.com/eastasianwidth/-/eastasianwidth-0.2.0.tgz#696ce2ec0aa0e6ea93a397ffcf24aa7840c827cb"
    integrity sha512-I88TYZWc9XiYHRQ4/3c5rjjfgkjhLyW2luGIheGERbNQ6OY7yTybanSpDXZa8y7VUP9YmDcYa+eyq4ca7iLqWA==
  
  ecdsa-sig-formatter@1.0.11:
    version "1.0.11"
    resolved "https://registry.yarnpkg.com/ecdsa-sig-formatter/-/ecdsa-sig-formatter-1.0.11.tgz#ae0f0fa2d85045ef14a817daa3ce9acd0489e5bf"
    integrity sha512-nagl3RYrbNv6kQkeJIpt6NJZy8twLB/2vtz6yN9Z4vRKHN4/QZJIEbqohALSgwKdnksuY3k5Addp5lg8sVoVcQ==
    dependencies:
      safe-buffer "^5.0.1"
  
  electron-context-menu@3.6.1:
    version "3.6.1"
    resolved "https://registry.yarnpkg.com/electron-context-menu/-/electron-context-menu-3.6.1.tgz#42f117e15309687b22283e6f8f7a0d95a19afe84"
    integrity sha512-lcpO6tzzKUROeirhzBjdBWNqayEThmdW+2I2s6H6QMrwqTVyT3EK47jW3Nxm60KTxl5/bWfEoIruoUNn57/QkQ==
    dependencies:
      cli-truncate "^2.1.0"
      electron-dl "^3.2.1"
      electron-is-dev "^2.0.0"
  
  electron-dl@^3.2.1:
    version "3.5.2"
    resolved "https://registry.yarnpkg.com/electron-dl/-/electron-dl-3.5.2.tgz#9e83d624473ec90682928b19ae9221a0e0b83a39"
    integrity sha512-i104cl+u8yJ0lhpRAtUWfeGuWuL1PL6TBiw2gLf0MMIBjfgE485Ags2mcySx4uWU9P9uj/vsD3jd7X+w1lzZxw==
    dependencies:
      ext-name "^5.0.0"
      pupa "^2.0.1"
      unused-filename "^2.1.0"
  
  electron-is-dev@^2.0.0:
    version "2.0.0"
    resolved "https://registry.yarnpkg.com/electron-is-dev/-/electron-is-dev-2.0.0.tgz#833487a069b8dad21425c67a19847d9064ab19bd"
    integrity sha512-3X99K852Yoqu9AcW50qz3ibYBWY79/pBhlMCab8ToEWS48R0T9tyxRiQhwylE7zQdXrMnx2JKqUJyMPmt5FBqA==
  
  electron@^29.3.1:
    version "29.4.6"
    resolved "https://registry.yarnpkg.com/electron/-/electron-29.4.6.tgz#10826aaebea13c1de781399c3bbbebde6343d70d"
    integrity sha512-fz8ndj8cmmf441t4Yh2FDP3Rn0JhLkVGvtUf2YVMbJ5SdJPlc0JWll9jYkhh60jDKVVCr/tBAmfxqRnXMWJpzg==
    dependencies:
      "@electron/get" "^2.0.0"
      "@types/node" "^20.9.0"
      extract-zip "^2.0.1"
  
  emittery@^1.0.1:
    version "1.1.0"
    resolved "https://registry.yarnpkg.com/emittery/-/emittery-1.1.0.tgz#7b5a00ec9a315fa9bfabeba0673920a1bb385f1b"
    integrity sha512-rsX7ktqARv/6UQDgMaLfIqUWAEzzbCQiVh7V9rhDXp6c37yoJcks12NVD+XPkgl4AEavmNhVfrhGoqYwIsMYYA==
  
  emoji-regex@^8.0.0:
    version "8.0.0"
    resolved "https://registry.yarnpkg.com/emoji-regex/-/emoji-regex-8.0.0.tgz#e818fd69ce5ccfcb404594f842963bf53164cc37"
    integrity sha512-MSjYzcWNOA0ewAHpz0MxpYFvwg6yjy1NG3xteoqz644VCo/RPgnr1/GGt+ic3iJTzQ8Eu3TdM14SawnVUmGE6A==
  
  emoji-regex@^9.2.2:
    version "9.2.2"
    resolved "https://registry.yarnpkg.com/emoji-regex/-/emoji-regex-9.2.2.tgz#840c8803b0d8047f4ff0cf963176b32d4ef3ed72"
    integrity sha512-L18DaJsXSUk2+42pv8mLs5jJT2hqFkFE4j21wOmgbUqsZ2hL72NsUU785g9RXgo3s0ZNgVl42TiHp3ZtOv/Vyg==
  
  enabled@2.0.x:
    version "2.0.0"
    resolved "https://registry.yarnpkg.com/enabled/-/enabled-2.0.0.tgz#f9dd92ec2d6f4bbc0d5d1e64e21d61cd4665e7c2"
    integrity sha512-AKrN98kuwOzMIdAizXGI86UFBoo26CL21UM763y1h/GMSJ4/OHU9k2YlsmBpyScFo/wbLzWQJBMCW4+IO3/+OQ==
  
  end-of-stream@^1.1.0, end-of-stream@^1.4.1:
    version "1.4.4"
    resolved "https://registry.yarnpkg.com/end-of-stream/-/end-of-stream-1.4.4.tgz#5ae64a5f45057baf3626ec14da0ca5e4b2431eb0"
    integrity sha512-+uw1inIHVPQoaVuHzRyXd21icM+cnt4CzD5rW+NC1wjOUSTOs+Te7FOv7AhN7vS9x/oIyhLP5PR1H+phQAHu5Q==
    dependencies:
      once "^1.4.0"
  
  env-paths@^2.2.0:
    version "2.2.1"
    resolved "https://registry.yarnpkg.com/env-paths/-/env-paths-2.2.1.tgz#420399d416ce1fbe9bc0a07c62fa68d67fd0f8f2"
    integrity sha512-+h1lkLKhZMTYjog1VEpJNG7NZJWcuc2DDk/qsqSTRRCOXiLjeQ1d1/udrUGhqMxUgAlwKNZ0cf2uqan5GLuS2A==
  
  es-define-property@^1.0.0, es-define-property@^1.0.1:
    version "1.0.1"
    resolved "https://registry.yarnpkg.com/es-define-property/-/es-define-property-1.0.1.tgz#983eb2f9a6724e9303f61addf011c72e09e0b0fa"
    integrity sha512-e3nRfgfUZ4rNGL232gUgX06QNyyez04KdjFrF+LTRoOXmrOgFKDg4BCdsjW8EnT69eqdYGmRpJwiPVYNrCaW3g==
  
  es-errors@^1.3.0:
    version "1.3.0"
    resolved "https://registry.yarnpkg.com/es-errors/-/es-errors-1.3.0.tgz#05f75a25dab98e4fb1dcd5e1472c0546d5057c8f"
    integrity sha512-Zf5H2Kxt2xjTvbJvP2ZWLEICxA6j+hAmMzIlypy4xcBg1vKVnx89Wy0GbS+kf5cwCVFFzdCFh2XSCFNULS6csw==
  
  es-object-atoms@^1.0.0, es-object-atoms@^1.1.1:
    version "1.1.1"
    resolved "https://registry.yarnpkg.com/es-object-atoms/-/es-object-atoms-1.1.1.tgz#1c4f2c4837327597ce69d2ca190a7fdd172338c1"
    integrity sha512-FGgH2h8zKNim9ljj7dankFPcICIK9Cp5bm+c2gQSYePhpaG5+esrLODihIorn+Pe6FGJzWhXQotPv73jTaldXA==
    dependencies:
      es-errors "^1.3.0"
  
  es-set-tostringtag@^2.1.0:
    version "2.1.0"
    resolved "https://registry.yarnpkg.com/es-set-tostringtag/-/es-set-tostringtag-2.1.0.tgz#f31dbbe0c183b00a6d26eb6325c810c0fd18bd4d"
    integrity sha512-j6vWzfrGVfyXxge+O0x5sh6cvxAog0a/4Rdd2K36zCMV5eJ+/+tOAngRO8cODMNWbVRdVlmGZQL2YS3yR8bIUA==
    dependencies:
      es-errors "^1.3.0"
      get-intrinsic "^1.2.6"
      has-tostringtag "^1.0.2"
      hasown "^2.0.2"
  
  es6-error@^4.1.1:
    version "4.1.1"
    resolved "https://registry.yarnpkg.com/es6-error/-/es6-error-4.1.1.tgz#9e3af407459deed47e9a91f9b885a84eb05c561d"
    integrity sha512-Um/+FxMr9CISWh0bi5Zv0iOD+4cFh5qLeks1qhAopKVAJw3drgKbKySikp7wGhDL0HPeaja0P5ULZrxLkniUVg==
  
  es6-promise@^3.1.2:
    version "3.3.1"
    resolved "https://registry.yarnpkg.com/es6-promise/-/es6-promise-3.3.1.tgz#a08cdde84ccdbf34d027a1451bc91d4bcd28a613"
    integrity sha512-SOp9Phqvqn7jtEUxPWdWfWoLmyt2VaJ6MpvP9Comy1MceMXqE6bxvaTu4iaxpYYPzhny28Lc+M87/c2cPK6lDg==
  
  esbuild@^0.18.10:
    version "0.18.20"
    resolved "https://registry.yarnpkg.com/esbuild/-/esbuild-0.18.20.tgz#4709f5a34801b43b799ab7d6d82f7284a9b7a7a6"
    integrity sha512-ceqxoedUrcayh7Y7ZX6NdbbDzGROiyVBgC4PriJThBKSVPWnnFHZAkfI1lJT8QFkOwH4qOS2SJkS4wvpGl8BpA==
    optionalDependencies:
      "@esbuild/android-arm" "0.18.20"
      "@esbuild/android-arm64" "0.18.20"
      "@esbuild/android-x64" "0.18.20"
      "@esbuild/darwin-arm64" "0.18.20"
      "@esbuild/darwin-x64" "0.18.20"
      "@esbuild/freebsd-arm64" "0.18.20"
      "@esbuild/freebsd-x64" "0.18.20"
      "@esbuild/linux-arm" "0.18.20"
      "@esbuild/linux-arm64" "0.18.20"
      "@esbuild/linux-ia32" "0.18.20"
      "@esbuild/linux-loong64" "0.18.20"
      "@esbuild/linux-mips64el" "0.18.20"
      "@esbuild/linux-ppc64" "0.18.20"
      "@esbuild/linux-riscv64" "0.18.20"
      "@esbuild/linux-s390x" "0.18.20"
      "@esbuild/linux-x64" "0.18.20"
      "@esbuild/netbsd-x64" "0.18.20"
      "@esbuild/openbsd-x64" "0.18.20"
      "@esbuild/sunos-x64" "0.18.20"
      "@esbuild/win32-arm64" "0.18.20"
      "@esbuild/win32-ia32" "0.18.20"
      "@esbuild/win32-x64" "0.18.20"
  
  escalade@^3.1.1:
    version "3.2.0"
    resolved "https://registry.yarnpkg.com/escalade/-/escalade-3.2.0.tgz#011a3f69856ba189dffa7dc8fcce99d2a87903e5"
    integrity sha512-WUj2qlxaQtO4g6Pq5c29GTcWGDyd8itL8zTlipgECz3JesAiiOKotd8JU6otB3PACgG6xkJUyVhboMS+bje/jA==
  
  escape-goat@^2.0.0:
    version "2.1.1"
    resolved "https://registry.yarnpkg.com/escape-goat/-/escape-goat-2.1.1.tgz#1b2dc77003676c457ec760b2dc68edb648188675"
    integrity sha512-8/uIhbG12Csjy2JEW7D9pHbreaVaS/OpN3ycnyvElTdwM5n6GY6W6e2IPemfvGZeUMqZ9A/3GqIZMgKnBhAw/Q==
  
  escape-string-regexp@^4.0.0:
    version "4.0.0"
    resolved "https://registry.yarnpkg.com/escape-string-regexp/-/escape-string-regexp-4.0.0.tgz#14ba83a5d373e3d311e5afca29cf5bfad965bf34"
    integrity sha512-TtpcNJ3XAzx3Gq8sWRzJaVajRs0uVxA2YAkdb1jm2YkPz4G6egUFAyA3n5vtEIZefPk5Wa4UXbKuS5fKkJWdgA==
  
  ext-list@^2.0.0:
    version "2.2.2"
    resolved "https://registry.yarnpkg.com/ext-list/-/ext-list-2.2.2.tgz#0b98e64ed82f5acf0f2931babf69212ef52ddd37"
    integrity sha512-u+SQgsubraE6zItfVA0tBuCBhfU9ogSRnsvygI7wht9TS510oLkBRXBsqopeUG/GBOIQyKZO9wjTqIu/sf5zFA==
    dependencies:
      mime-db "^1.28.0"
  
  ext-name@^5.0.0:
    version "5.0.0"
    resolved "https://registry.yarnpkg.com/ext-name/-/ext-name-5.0.0.tgz#70781981d183ee15d13993c8822045c506c8f0a6"
    integrity sha512-yblEwXAbGv1VQDmow7s38W77hzAgJAO50ztBLMcUyUBfxv1HC+LGwtiEN+Co6LtlqT/5uwVOxsD4TNIilWhwdQ==
    dependencies:
      ext-list "^2.0.0"
      sort-keys-length "^1.0.0"
  
  extract-zip@^2.0.1:
    version "2.0.1"
    resolved "https://registry.yarnpkg.com/extract-zip/-/extract-zip-2.0.1.tgz#663dca56fe46df890d5f131ef4a06d22bb8ba13a"
    integrity sha512-GDhU9ntwuKyGXdZBUgTIe+vXnWj0fppUEtMDL0+idd5Sta8TGpHssn/eusA9mrPr9qNDym6SxAYZjNvCn/9RBg==
    dependencies:
      debug "^4.1.1"
      get-stream "^5.1.0"
      yauzl "^2.10.0"
    optionalDependencies:
      "@types/yauzl" "^2.9.1"
  
  fast-glob@^3.2.11, fast-glob@^3.2.7:
    version "3.3.3"
    resolved "https://registry.yarnpkg.com/fast-glob/-/fast-glob-3.3.3.tgz#d06d585ce8dba90a16b0505c543c3ccfb3aeb818"
    integrity sha512-7MptL8U0cqcFdzIzwOTHoilX9x5BrNqye7Z/LuC7kCMRio1EMSyqRK3BEAUD7sXRq4iT4AzTVuZdhgQ2TCvYLg==
    dependencies:
      "@nodelib/fs.stat" "^2.0.2"
      "@nodelib/fs.walk" "^1.2.3"
      glob-parent "^5.1.2"
      merge2 "^1.3.0"
      micromatch "^4.0.8"
  
  fastq@^1.6.0:
    version "1.19.1"
    resolved "https://registry.yarnpkg.com/fastq/-/fastq-1.19.1.tgz#d50eaba803c8846a883c16492821ebcd2cda55f5"
    integrity sha512-GwLTyxkCXjXbxqIhTsMI2Nui8huMPtnxg7krajPJAjnEG/iiOS7i+zCtWGZR9G0NBKbXKh6X9m9UIsYX/N6vvQ==
    dependencies:
      reusify "^1.0.4"
  
  fd-slicer@~1.1.0:
    version "1.1.0"
    resolved "https://registry.yarnpkg.com/fd-slicer/-/fd-slicer-1.1.0.tgz#25c7c89cb1f9077f8891bbe61d8f390eae256f1e"
    integrity sha512-cE1qsB/VwyQozZ+q1dGxR8LBYNZeofhEdUNGSMbQD3Gw2lAzX9Zb3uIU6Ebc/Fmyjo9AWWfnn0AUCHqtevs/8g==
    dependencies:
      pend "~1.2.0"
  
  fecha@^4.2.0:
    version "4.2.3"
    resolved "https://registry.yarnpkg.com/fecha/-/fecha-4.2.3.tgz#4d9ccdbc61e8629b259fdca67e65891448d569fd"
    integrity sha512-OP2IUU6HeYKJi3i0z4A19kHMQoLVs4Hc+DPqqxI2h/DPZHTm/vjsfC6P0b4jCMy14XizLBqvndQ+UilD7707Jw==
  
  fill-range@^7.1.1:
    version "7.1.1"
    resolved "https://registry.yarnpkg.com/fill-range/-/fill-range-7.1.1.tgz#44265d3cac07e3ea7dc247516380643754a05292"
    integrity sha512-YsGpe3WHLK8ZYi4tWDg2Jy3ebRz2rXowDxnld4bkQB00cc/1Zw9AWnC0i9ztDJitivtQvaI9KaLyKrc+hBW0yg==
    dependencies:
      to-regex-range "^5.0.1"
  
  fn.name@1.x.x:
    version "1.1.0"
    resolved "https://registry.yarnpkg.com/fn.name/-/fn.name-1.1.0.tgz#26cad8017967aea8731bc42961d04a3d5988accc"
    integrity sha512-GRnmB5gPyJpAhTQdSZTSp9uaPSvl09KoYcMQtsB9rQoOmzs9dH6ffeccH+Z+cv6P68Hu5bC6JjRh4Ah/mHSNRw==
  
  follow-redirects@^1.15.6:
    version "1.15.9"
    resolved "https://registry.yarnpkg.com/follow-redirects/-/follow-redirects-1.15.9.tgz#a604fa10e443bf98ca94228d9eebcc2e8a2c8ee1"
    integrity sha512-gew4GsXizNgdoRyqmyfMHyAmXsZDk6mHkSxZFCzW9gwlbtOW44CDtYavM+y+72qD/Vq2l550kMF52DT8fOLJqQ==
  
  form-data@^4.0.0:
    version "4.0.2"
    resolved "https://registry.yarnpkg.com/form-data/-/form-data-4.0.2.tgz#35cabbdd30c3ce73deb2c42d3c8d3ed9ca51794c"
    integrity sha512-hGfm/slu0ZabnNt4oaRZ6uREyfCj6P4fT/n6A1rGV+Z0VdGXjfOhVUpkn6qVQONHGIFwmveGXyDs75+nr6FM8w==
    dependencies:
      asynckit "^0.4.0"
      combined-stream "^1.0.8"
      es-set-tostringtag "^2.1.0"
      mime-types "^2.1.12"
  
  fs-constants@^1.0.0:
    version "1.0.0"
    resolved "https://registry.yarnpkg.com/fs-constants/-/fs-constants-1.0.0.tgz#6be0de9be998ce16af8afc24497b9ee9b7ccd9ad"
    integrity sha512-y6OAwoSIf7FyjMIv94u+b5rdheZEjzR63GTyZJm5qh4Bi+2YgwLCcI/fPFZkL5PSixOt6ZNKm+w+Hfp/Bciwow==
  
  fs-extra@^11.1.0:
    version "11.3.0"
    resolved "https://registry.yarnpkg.com/fs-extra/-/fs-extra-11.3.0.tgz#0daced136bbaf65a555a326719af931adc7a314d"
    integrity sha512-Z4XaCL6dUDHfP/jT25jJKMmtxvuwbkrD1vNSMFlo9lNLY2c5FHYSQgHPRZUjAB26TpDEoW9HCOgplrdbaPV/ew==
    dependencies:
      graceful-fs "^4.2.0"
      jsonfile "^6.0.1"
      universalify "^2.0.0"
  
  fs-extra@^8.1.0:
    version "8.1.0"
    resolved "https://registry.yarnpkg.com/fs-extra/-/fs-extra-8.1.0.tgz#49d43c45a88cd9677668cb7be1b46efdb8d2e1c0"
    integrity sha512-yhlQgA6mnOJUKOsRUFsgJdQCvkKhcz8tlZG5HBQfReYZy46OwLcY+Zia0mtdHsOo9y/hP+CxMN0TU9QxoOtG4g==
    dependencies:
      graceful-fs "^4.2.0"
      jsonfile "^4.0.0"
      universalify "^0.1.0"
  
  fs.realpath@^1.0.0:
    version "1.0.0"
    resolved "https://registry.yarnpkg.com/fs.realpath/-/fs.realpath-1.0.0.tgz#1504ad2523158caa40db4a2787cb01411994ea4f"
    integrity sha512-OO0pH2lK6a0hZnAdau5ItzHPI6pUlvI7jMVnxUQRtw4owF2wk8lOSabtGDCTP4Ggrg2MbGnWO9X8K1t4+fGMDw==
  
  fsevents@~2.3.2:
    version "2.3.3"
    resolved "https://registry.yarnpkg.com/fsevents/-/fsevents-2.3.3.tgz#cac6407785d03675a2a5e1a5305c697b347d90d6"
    integrity sha512-5xoDfX+fL7faATnagmWPpbFtwh/R77WmMMqqHGS65C3vvB0YHrgF+B1YmZ3441tMj5n63k0212XNoJwzlhffQw==
  
  function-bind@^1.1.2:
    version "1.1.2"
    resolved "https://registry.yarnpkg.com/function-bind/-/function-bind-1.1.2.tgz#2c02d864d97f3ea6c8830c464cbd11ab6eab7a1c"
    integrity sha512-7XHNxH7qX9xG5mIwxkhumTox/MIRNcOgDrxWsMt2pAr23WHp6MrRlN7FBSFpCpr+oVO0F744iUgR82nJMfG2SA==
  
  get-caller-file@^2.0.5:
    version "2.0.5"
    resolved "https://registry.yarnpkg.com/get-caller-file/-/get-caller-file-2.0.5.tgz#4f94412a82db32f36e3b0b9741f8a97feb031f7e"
    integrity sha512-DyFP3BM/3YHTQOCUL/w0OZHR0lpKeGrxotcHWcqNEdnltqFwXVfhEBQ94eIo34AfQpo0rGki4cyIiftY06h2Fg==
  
  get-func-name@^2.0.1, get-func-name@^2.0.2:
    version "2.0.2"
    resolved "https://registry.yarnpkg.com/get-func-name/-/get-func-name-2.0.2.tgz#0d7cf20cd13fda808669ffa88f4ffc7a3943fc41"
    integrity sha512-8vXOvuE167CtIc3OyItco7N/dpRtBbYOsPsXCz7X/PMnlGjYjSGuZJgM1Y7mmew7BKf9BqvLX2tnOVy1BBUsxQ==
  
  get-intrinsic@^1.2.5, get-intrinsic@^1.2.6, get-intrinsic@^1.3.0:
    version "1.3.0"
    resolved "https://registry.yarnpkg.com/get-intrinsic/-/get-intrinsic-1.3.0.tgz#743f0e3b6964a93a5491ed1bffaae054d7f98d01"
    integrity sha512-9fSjSaos/fRIVIp+xSJlE6lfwhES7LNtKaCBIamHsjr2na1BiABJPo0mOjjz8GJDURarmCPGqaiVg5mfjb98CQ==
    dependencies:
      call-bind-apply-helpers "^1.0.2"
      es-define-property "^1.0.1"
      es-errors "^1.3.0"
      es-object-atoms "^1.1.1"
      function-bind "^1.1.2"
      get-proto "^1.0.1"
      gopd "^1.2.0"
      has-symbols "^1.1.0"
      hasown "^2.0.2"
      math-intrinsics "^1.1.0"
  
  get-port@7.0.0:
    version "7.0.0"
    resolved "https://registry.yarnpkg.com/get-port/-/get-port-7.0.0.tgz#ffcd83da826146529e307a341d7801cae351daff"
    integrity sha512-mDHFgApoQd+azgMdwylJrv2DX47ywGq1i5VFJE7fZ0dttNq3iQMfsU4IvEgBHojA3KqEudyu7Vq+oN8kNaNkWw==
  
  get-port@^6.1.2:
    version "6.1.2"
    resolved "https://registry.yarnpkg.com/get-port/-/get-port-6.1.2.tgz#c1228abb67ba0e17fb346da33b15187833b9c08a"
    integrity sha512-BrGGraKm2uPqurfGVj/z97/zv8dPleC6x9JBNRTrDNtCkkRF4rPwrQXFgL7+I+q8QSdU4ntLQX2D7KIxSy8nGw==
  
  get-proto@^1.0.1:
    version "1.0.1"
    resolved "https://registry.yarnpkg.com/get-proto/-/get-proto-1.0.1.tgz#150b3f2743869ef3e851ec0c49d15b1d14d00ee1"
    integrity sha512-sTSfBjoXBp89JvIKIefqw7U2CCebsc74kiY6awiGogKtoSGbgjYE/G/+l9sF3MWFPNc9IcoOC4ODfKHfxFmp0g==
    dependencies:
      dunder-proto "^1.0.1"
      es-object-atoms "^1.0.0"
  
  get-stream@^5.1.0:
    version "5.2.0"
    resolved "https://registry.yarnpkg.com/get-stream/-/get-stream-5.2.0.tgz#4966a1795ee5ace65e706c4b7beb71257d6e22d3"
    integrity sha512-nBF+F1rAZVCu/p7rjzgA+Yb4lfYXrpl7a6VmJrU8wF9I1CKvP/QwPNZHnOlwbTkY6dvtFIzFMSyQXbLoTQPRpA==
    dependencies:
      pump "^3.0.0"
  
  glob-parent@^5.1.2, glob-parent@~5.1.2:
    version "5.1.2"
    resolved "https://registry.yarnpkg.com/glob-parent/-/glob-parent-5.1.2.tgz#869832c58034fe68a4093c17dc15e8340d8401c4"
    integrity sha512-AOIgSQCepiJYwP3ARnGx+5VnTu2HBYdzbGP45eLw1vr3zB3vZLeyed1sC9hnbcOc9/SrMyM5RPQrkGz4aS9Zow==
    dependencies:
      is-glob "^4.0.1"
  
  glob@^7.1.3, glob@^7.1.4, glob@^7.1.6, glob@^7.2.3:
    version "7.2.3"
    resolved "https://registry.yarnpkg.com/glob/-/glob-7.2.3.tgz#b8df0fb802bbfa8e89bd1d938b4e16578ed44f2b"
    integrity sha512-nFR0zLpU2YCaRxwoCJvL6UvCH2JFyFVIvwTLsIf21AuHlMskA1hhTdk+LlYJtOlYt9v6dvszD2BGRqBL+iQK9Q==
    dependencies:
      fs.realpath "^1.0.0"
      inflight "^1.0.4"
      inherits "2"
      minimatch "^3.1.1"
      once "^1.3.0"
      path-is-absolute "^1.0.0"
  
  global-agent@^3.0.0:
    version "3.0.0"
    resolved "https://registry.yarnpkg.com/global-agent/-/global-agent-3.0.0.tgz#ae7cd31bd3583b93c5a16437a1afe27cc33a1ab6"
    integrity sha512-PT6XReJ+D07JvGoxQMkT6qji/jVNfX/h364XHZOWeRzy64sSFr+xJ5OX7LI3b4MPQzdL4H8Y8M0xzPpsVMwA8Q==
    dependencies:
      boolean "^3.0.1"
      es6-error "^4.1.1"
      matcher "^3.0.0"
      roarr "^2.15.3"
      semver "^7.3.2"
      serialize-error "^7.0.1"
  
  globalthis@^1.0.1:
    version "1.0.4"
    resolved "https://registry.yarnpkg.com/globalthis/-/globalthis-1.0.4.tgz#7430ed3a975d97bfb59bcce41f5cabbafa651236"
    integrity sha512-DpLKbNU4WylpxJykQujfCcwYWiV/Jhm50Goo0wrVILAv5jOr9d+H+UR3PhSCD2rCCEIg0uc+G+muBTwD54JhDQ==
    dependencies:
      define-properties "^1.2.1"
      gopd "^1.0.1"
  
  gopd@^1.0.1, gopd@^1.2.0:
    version "1.2.0"
    resolved "https://registry.yarnpkg.com/gopd/-/gopd-1.2.0.tgz#89f56b8217bdbc8802bd299df6d7f1081d7e51a1"
    integrity sha512-ZUKRh6/kUFoAiTAtTYPZJ3hw9wNxx+BIBOijnlG9PnrJsCcSjs1wyyD6vJpaYtgnzDrKYRSqf3OO6Rfa93xsRg==
  
  got@^11.8.5:
    version "11.8.6"
    resolved "https://registry.yarnpkg.com/got/-/got-11.8.6.tgz#276e827ead8772eddbcfc97170590b841823233a"
    integrity sha512-6tfZ91bOr7bOXnK7PRDCGBLa1H4U080YHNaAQ2KsMGlLEzRbk44nsZF2E1IeRc3vtJHPVbKCYgdFbaGO2ljd8g==
    dependencies:
      "@sindresorhus/is" "^4.0.0"
      "@szmarczak/http-timer" "^4.0.5"
      "@types/cacheable-request" "^6.0.1"
      "@types/responselike" "^1.0.0"
      cacheable-lookup "^5.0.3"
      cacheable-request "^7.0.2"
      decompress-response "^6.0.0"
      http2-wrapper "^1.0.0-beta.5.2"
      lowercase-keys "^2.0.0"
      p-cancelable "^2.0.0"
      responselike "^2.0.0"
  
  graceful-fs@^4.1.3, graceful-fs@^4.1.6, graceful-fs@^4.2.0:
    version "4.2.11"
    resolved "https://registry.yarnpkg.com/graceful-fs/-/graceful-fs-4.2.11.tgz#4183e4e8bf08bb6e05bbb2f7d2e0c8f712ca40e3"
    integrity sha512-RbJ5/jmFcNNCcDV5o9eTnBLJ/HszWV0P73bc+Ff4nS/rJj+YaS6IGyiOL0VoBYX+l1Wrl3k63h/KrH+nhJ0XvQ==
  
  graphql-tag@2.12.6:
    version "2.12.6"
    resolved "https://registry.yarnpkg.com/graphql-tag/-/graphql-tag-2.12.6.tgz#d441a569c1d2537ef10ca3d1633b48725329b5f1"
    integrity sha512-FdSNcu2QQcWnM2VNvSCCDCVS5PpPqpzgFT8+GXzqJuoDd0CBncxCY278u4mhRO7tMgo2JjgJA5aZ+nWSQ/Z+xg==
    dependencies:
      tslib "^2.1.0"
  
  has-flag@^4.0.0:
    version "4.0.0"
    resolved "https://registry.yarnpkg.com/has-flag/-/has-flag-4.0.0.tgz#944771fd9c81c81265c4d6941860da06bb59479b"
    integrity sha512-EykJT/Q1KjTWctppgIAgfSO0tKVuZUjhgMr17kqTumMl6Afv3EISleU7qZUzoXDFTAHTDC4NOoG/ZxU3EvlMPQ==
  
  has-property-descriptors@^1.0.0:
    version "1.0.2"
    resolved "https://registry.yarnpkg.com/has-property-descriptors/-/has-property-descriptors-1.0.2.tgz#963ed7d071dc7bf5f084c5bfbe0d1b6222586854"
    integrity sha512-55JNKuIW+vq4Ke1BjOTjM2YctQIvCT7GFzHwmfZPGo5wnrgkid0YQtnAleFSqumZm4az3n2BS+erby5ipJdgrg==
    dependencies:
      es-define-property "^1.0.0"
  
  has-symbols@^1.0.3, has-symbols@^1.1.0:
    version "1.1.0"
    resolved "https://registry.yarnpkg.com/has-symbols/-/has-symbols-1.1.0.tgz#fc9c6a783a084951d0b971fe1018de813707a338"
    integrity sha512-1cDNdwJ2Jaohmb3sg4OmKaMBwuC48sYni5HUw2DvsC8LjGTLK9h+eb1X6RyuOHe4hT0ULCW68iomhjUoKUqlPQ==
  
  has-tostringtag@^1.0.2:
    version "1.0.2"
    resolved "https://registry.yarnpkg.com/has-tostringtag/-/has-tostringtag-1.0.2.tgz#2cdc42d40bef2e5b4eeab7c01a73c54ce7ab5abc"
    integrity sha512-NqADB8VjPFLM2V0VvHUewwwsw0ZWBaIdgo+ieHtK3hasLz4qeCRjYcqfB6AQrBggRKppKF8L52/VqdVsO47Dlw==
    dependencies:
      has-symbols "^1.0.3"
  
  hasown@^2.0.2:
    version "2.0.2"
    resolved "https://registry.yarnpkg.com/hasown/-/hasown-2.0.2.tgz#003eaf91be7adc372e84ec59dc37252cedb80003"
    integrity sha512-0hJU9SCPvmMzIBdZFqNPXWa6dqh7WdH0cII9y+CyS8rG3nL48Bclra9HmKhVVUHyPWNH5Y7xDwAB7bfgSjkUMQ==
    dependencies:
      function-bind "^1.1.2"
  
  http-cache-semantics@^4.0.0:
    version "4.1.1"
    resolved "https://registry.yarnpkg.com/http-cache-semantics/-/http-cache-semantics-4.1.1.tgz#abe02fcb2985460bf0323be664436ec3476a6d5a"
    integrity sha512-er295DKPVsV82j5kw1Gjt+ADA/XYHsajl82cGNQG2eyoPkvgUhX+nDIyelzhIWbbsXP39EHcI6l5tYs2FYqYXQ==
  
  http2-wrapper@^1.0.0-beta.5.2:
    version "1.0.3"
    resolved "https://registry.yarnpkg.com/http2-wrapper/-/http2-wrapper-1.0.3.tgz#b8f55e0c1f25d4ebd08b3b0c2c079f9590800b3d"
    integrity sha512-V+23sDMr12Wnz7iTcDeJr3O6AIxlnvT/bmaAAAP/Xda35C90p9599p0F1eHR/N1KILWSoWVAiOMFjBBXaXSMxg==
    dependencies:
      quick-lru "^5.1.1"
      resolve-alpn "^1.0.0"
  
  https-proxy-agent@^5.0.0:
    version "5.0.1"
    resolved "https://registry.yarnpkg.com/https-proxy-agent/-/https-proxy-agent-5.0.1.tgz#c59ef224a04fe8b754f3db0063a25ea30d0005d6"
    integrity sha512-dFcAjpTQFgoLMzC2VwU+C/CbS7uRL0lWmxDITmqm7C+7F0Odmj6s9l6alZc6AELXhrnggM2CeWSXHGOdX2YtwA==
    dependencies:
      agent-base "6"
      debug "4"
  
  ieee754@^1.1.13:
    version "1.2.1"
    resolved "https://registry.yarnpkg.com/ieee754/-/ieee754-1.2.1.tgz#8eb7a10a63fff25d15a57b001586d177d1b0d352"
    integrity sha512-dcyqhDvX1C46lXZcVqCpK+FtMRQVdIMN6/Df5js2zouUsqG7I6sFxitIC+7KYK29KdXOLHdu9zL4sFnoVQnqaA==
  
  immutable@^5.0.2:
    version "5.1.1"
    resolved "https://registry.yarnpkg.com/immutable/-/immutable-5.1.1.tgz#d4cb552686f34b076b3dcf23c4384c04424d8354"
    integrity sha512-3jatXi9ObIsPGr3N5hGw/vWWcTkq6hUYhpQz4k0wLC+owqWi/LiugIw9x0EdNZ2yGedKN/HzePiBvaJRXa0Ujg==
  
  import-fresh@^3.2.1:
    version "3.3.1"
    resolved "https://registry.yarnpkg.com/import-fresh/-/import-fresh-3.3.1.tgz#9cecb56503c0ada1f2741dbbd6546e4b13b57ccf"
    integrity sha512-TR3KfrTZTYLPB6jUjfx6MF9WcWrHL9su5TObK4ZkYgBdWKPOFoSoQIdEuTuR82pmtxH2spWG9h6etwfr1pLBqQ==
    dependencies:
      parent-module "^1.0.0"
      resolve-from "^4.0.0"
  
  inflight@^1.0.4:
    version "1.0.6"
    resolved "https://registry.yarnpkg.com/inflight/-/inflight-1.0.6.tgz#49bd6331d7d02d0c09bc910a1075ba8165b56df9"
    integrity sha512-k92I/b08q4wvFscXCLvqfsHCrjrF7yiXsQuIVvVE7N82W3+aqpzuUdBbfhWcy/FZR3/4IgflMgKLOsvPDrGCJA==
    dependencies:
      once "^1.3.0"
      wrappy "1"
  
  inherits@2, inherits@^2.0.3, inherits@^2.0.4, inherits@~2.0.3:
    version "2.0.4"
    resolved "https://registry.yarnpkg.com/inherits/-/inherits-2.0.4.tgz#0fa2c64f932917c3433a0ded55363aae37416b7c"
    integrity sha512-k/vGaX4/Yla3WzyMCvTQOXYeIHvqOKtnqBduzTHpzpQZzAskKMhZ2K+EnBiSM9zGSoIFeMpXKxa4dYeZIQqewQ==
  
  is-arrayish@^0.3.1:
    version "0.3.2"
    resolved "https://registry.yarnpkg.com/is-arrayish/-/is-arrayish-0.3.2.tgz#4574a2ae56f7ab206896fb431eaeed066fdf8f03"
    integrity sha512-eVRqCvVlZbuw3GrM63ovNSNAeA1K16kaR/LRY/92w0zxQ5/1YzwblUX652i4Xs9RwAGjW9d9y6X88t8OaAJfWQ==
  
  is-binary-path@~2.1.0:
    version "2.1.0"
    resolved "https://registry.yarnpkg.com/is-binary-path/-/is-binary-path-2.1.0.tgz#ea1f7f3b80f064236e83470f86c09c254fb45b09"
    integrity sha512-ZMERYes6pDydyuGidse7OsHxtbI7WVeUEozgR/g7rd0xUimYNlvZRE/K2MgZTjWy725IfelLeVcEM97mmtRGXw==
    dependencies:
      binary-extensions "^2.0.0"
  
  is-extglob@^2.1.1:
    version "2.1.1"
    resolved "https://registry.yarnpkg.com/is-extglob/-/is-extglob-2.1.1.tgz#a88c02535791f02ed37c76a1b9ea9773c833f8c2"
    integrity sha512-SbKbANkN603Vi4jEZv49LeVJMn4yGwsbzZworEoyEiutsN3nJYdbO36zfhGJ6QEDpOZIFkDtnq5JRxmvl3jsoQ==
  
  is-fullwidth-code-point@^3.0.0:
    version "3.0.0"
    resolved "https://registry.yarnpkg.com/is-fullwidth-code-point/-/is-fullwidth-code-point-3.0.0.tgz#f116f8064fe90b3f7844a38997c0b75051269f1d"
    integrity sha512-zymm5+u+sCsSWyD9qNaejV3DFvhCKclKdizYaJUuHA83RLjb7nSuGnddCHGv0hk+KY7BMAlsWeK4Ueg6EV6XQg==
  
  is-fullwidth-code-point@^4.0.0:
    version "4.0.0"
    resolved "https://registry.yarnpkg.com/is-fullwidth-code-point/-/is-fullwidth-code-point-4.0.0.tgz#fae3167c729e7463f8461ce512b080a49268aa88"
    integrity sha512-O4L094N2/dZ7xqVdrXhh9r1KODPJpFms8B5sGdJLPy664AgvXsreZUyCQQNItZRDlYug4xStLjNp/sz3HvBowQ==
  
  is-glob@^4.0.1, is-glob@^4.0.3, is-glob@~4.0.1:
    version "4.0.3"
    resolved "https://registry.yarnpkg.com/is-glob/-/is-glob-4.0.3.tgz#64f61e42cbbb2eec2071a9dac0b28ba1e65d5084"
    integrity sha512-xelSayHH36ZgE7ZWhli7pW34hNbNl8Ojv5KVmkJD4hBdD3th8Tfk9vYasLM+mXWOZhFkgZfxhLSnrwRr4elSSg==
    dependencies:
      is-extglob "^2.1.1"
  
  is-number@^7.0.0:
    version "7.0.0"
    resolved "https://registry.yarnpkg.com/is-number/-/is-number-7.0.0.tgz#7535345b896734d5f80c4d06c50955527a14f12b"
    integrity sha512-41Cifkg6e8TylSpdtTpeLVMqvSBEVzTttHvERD741+pnZ8ANv0004MRL43QKPDlK9cGvNp6NZWZUBlbGXYxxng==
  
  is-plain-obj@^1.0.0:
    version "1.1.0"
    resolved "https://registry.yarnpkg.com/is-plain-obj/-/is-plain-obj-1.1.0.tgz#71a50c8429dfca773c92a390a4a03b39fcd51d3e"
    integrity sha512-yvkRyxmFKEOQ4pNXCmJG5AEQNlXJS5LaONXo5/cLdTZdWvsZ1ioJEonLGAosKlMWE8lwUy/bJzMjcw8az73+Fg==
  
  is-plain-obj@^4.0.0:
    version "4.1.0"
    resolved "https://registry.yarnpkg.com/is-plain-obj/-/is-plain-obj-4.1.0.tgz#d65025edec3657ce032fd7db63c97883eaed71f0"
    integrity sha512-+Pgi+vMuUNkJyExiMBt5IlFoMyKnr5zhJ4Uspz58WOhBF5QoIZkFyNHIbBAtHwzVAgk5RtndVNsDRN61/mmDqg==
  
  is-stream@^2.0.0:
    version "2.0.1"
    resolved "https://registry.yarnpkg.com/is-stream/-/is-stream-2.0.1.tgz#fac1e3d53b97ad5a9d0ae9cef2389f5810a5c077"
    integrity sha512-hFoiJiTl63nn+kstHGBtewWSKnQLpyb155KHheA1l39uvtO9nWIop1p3udqPcUd/xbF1VLMO4n7OI6p7RbngDg==
  
  isarray@~1.0.0:
    version "1.0.0"
    resolved "https://registry.yarnpkg.com/isarray/-/isarray-1.0.0.tgz#bb935d48582cba168c06834957a54a3e07124f11"
    integrity sha512-VLghIWNM6ELQzo7zwmcg0NmTVyWKYjvIeM83yjp0wRDTmUnrM678fQbcKBo6n2CJEF0szoG//ytg+TKla89ALQ==
  
  isexe@^2.0.0:
    version "2.0.0"
    resolved "https://registry.yarnpkg.com/isexe/-/isexe-2.0.0.tgz#e8fbf374dc556ff8947a10dcb0572d633f2cfa10"
    integrity sha512-RHxMLp9lnKHGHRng9QFhRCMbYAcVpn69smSGcq3f36xjgVVWThj4qqLbTLlq7Ssj8B+fIQ1EuCEGI2lKsyQeIw==
  
  isomorphic-ws@^5.0.0:
    version "5.0.0"
    resolved "https://registry.yarnpkg.com/isomorphic-ws/-/isomorphic-ws-5.0.0.tgz#e5529148912ecb9b451b46ed44d53dae1ce04bbf"
    integrity sha512-muId7Zzn9ywDsyXgTIafTry2sV3nySZeUDe6YedVd1Hvuuep5AsIlqK+XefWpYTyJG5e503F2xIuT2lcU6rCSw==
  
  js-base64@^3.7.3, js-base64@^3.7.5, js-base64@^3.7.7:
    version "3.7.7"
    resolved "https://registry.yarnpkg.com/js-base64/-/js-base64-3.7.7.tgz#e51b84bf78fbf5702b9541e2cb7bfcb893b43e79"
    integrity sha512-7rCnleh0z2CkXhH67J8K1Ytz0b2Y+yxTPL+/KOJoa20hfnVQ/3/T6W/KflYI4bRHRagNeXeU2bkNGI3v1oS/lw==
  
  json-buffer@3.0.1:
    version "3.0.1"
    resolved "https://registry.yarnpkg.com/json-buffer/-/json-buffer-3.0.1.tgz#9338802a30d3b6605fbe0613e094008ca8c05a13"
    integrity sha512-4bV5BfR2mqfQTJm+V5tPPdf+ZpuhiIvTuAB5g8kcrXOZpTT/QwwVRWBywX1ozr6lEuPdbHxwaJlm9G6mI2sfSQ==
  
  json-stringify-safe@^5.0.1:
    version "5.0.1"
    resolved "https://registry.yarnpkg.com/json-stringify-safe/-/json-stringify-safe-5.0.1.tgz#1296a2d58fd45f19a0f6ce01d65701e2c735b6eb"
    integrity sha512-ZClg6AaYvamvYEE82d3Iyd3vSSIjQ+odgjaTzRuO3s7toCdFKczob2i0zCh7JE8kWn17yvAWhUVxvqGwUalsRA==
  
  jsonfile@^4.0.0:
    version "4.0.0"
    resolved "https://registry.yarnpkg.com/jsonfile/-/jsonfile-4.0.0.tgz#8771aae0799b64076b76640fca058f9c10e33ecb"
    integrity sha512-m6F1R3z8jjlf2imQHS2Qez5sjKWQzbuuhuJ/FKYFRZvPE3PuHcSMVZzfsLhGVOkfd20obL5SWEBew5ShlquNxg==
    optionalDependencies:
      graceful-fs "^4.1.6"
  
  jsonfile@^6.0.1:
    version "6.1.0"
    resolved "https://registry.yarnpkg.com/jsonfile/-/jsonfile-6.1.0.tgz#bc55b2634793c679ec6403094eb13698a6ec0aae"
    integrity sha512-5dgndWOriYSm5cnYaJNhalLNDKOqFwyDB/rr1E9ZsGciGvKPs8R2xYGCacuf3z6K1YKDz182fd+fY3cn3pMqXQ==
    dependencies:
      universalify "^2.0.0"
    optionalDependencies:
      graceful-fs "^4.1.6"
  
  jsonwebtoken@^9.0.0:
    version "9.0.2"
    resolved "https://registry.yarnpkg.com/jsonwebtoken/-/jsonwebtoken-9.0.2.tgz#65ff91f4abef1784697d40952bb1998c504caaf3"
    integrity sha512-PRp66vJ865SSqOlgqS8hujT5U4AOgMfhrwYIuIhfKaoSCZcirrmASQr8CX7cUg+RMih+hgznrjp99o+W4pJLHQ==
    dependencies:
      jws "^3.2.2"
      lodash.includes "^4.3.0"
      lodash.isboolean "^3.0.3"
      lodash.isinteger "^4.0.4"
      lodash.isnumber "^3.0.3"
      lodash.isplainobject "^4.0.6"
      lodash.isstring "^4.0.1"
      lodash.once "^4.0.0"
      ms "^2.1.1"
      semver "^7.5.4"
  
  jwa@^1.4.1:
    version "1.4.1"
    resolved "https://registry.yarnpkg.com/jwa/-/jwa-1.4.1.tgz#743c32985cb9e98655530d53641b66c8645b039a"
    integrity sha512-qiLX/xhEEFKUAJ6FiBMbes3w9ATzyk5W7Hvzpa/SLYdxNtng+gcurvrI7TbACjIXlsJyr05/S1oUhZrc63evQA==
    dependencies:
      buffer-equal-constant-time "1.0.1"
      ecdsa-sig-formatter "1.0.11"
      safe-buffer "^5.0.1"
  
  jws@^3.2.2:
    version "3.2.2"
    resolved "https://registry.yarnpkg.com/jws/-/jws-3.2.2.tgz#001099f3639468c9414000e99995fa52fb478304"
    integrity sha512-YHlZCB6lMTllWDtSPHz/ZXTsi8S00usEV6v1tjq8tOUZzw7DpSDWVXjXDre6ed1w/pd495ODpHZYSdkRTsa0HA==
    dependencies:
      jwa "^1.4.1"
      safe-buffer "^5.0.1"
  
  keyv@^4.0.0:
    version "4.5.4"
    resolved "https://registry.yarnpkg.com/keyv/-/keyv-4.5.4.tgz#a879a99e29452f942439f2a405e3af8b31d4de93"
    integrity sha512-oxVHkHR/EJf2CNXnWxRLW6mg7JyCCUcG0DtEGmL2ctUo1PNTin1PUil+r/+4r5MpVgC/fn1kjsx7mjSujKqIpw==
    dependencies:
      json-buffer "3.0.1"
  
  kleur@^4.1.5:
    version "4.1.5"
    resolved "https://registry.yarnpkg.com/kleur/-/kleur-4.1.5.tgz#95106101795f7050c6c650f350c683febddb1780"
    integrity sha512-o+NO+8WrRiQEE4/7nwRJhN1HWpVmJm511pBHUxPLtp0BUISzlBplORYSmTclCnJvQq2tKu/sgl3xVpkc7ZWuQQ==
  
  kuler@^2.0.0:
    version "2.0.0"
    resolved "https://registry.yarnpkg.com/kuler/-/kuler-2.0.0.tgz#e2c570a3800388fb44407e851531c1d670b061b3"
    integrity sha512-Xq9nH7KlWZmXAtodXDDRE7vs6DU1gTU8zYDHDiWLSip45Egwq3plLHzPn27NgvzL2r1LMPC1vdqh98sQxtqj4A==
  
  lazystream@^1.0.0:
    version "1.0.1"
    resolved "https://registry.yarnpkg.com/lazystream/-/lazystream-1.0.1.tgz#494c831062f1f9408251ec44db1cba29242a2638"
    integrity sha512-b94GiNHQNy6JNTrt5w6zNyffMrNkXZb3KTkCZJb2V1xaEGCk093vkZ2jk3tpaeP33/OiXC+WvK9AxUebnf5nbw==
    dependencies:
      readable-stream "^2.0.5"
  
  libsodium-wrappers@^0.7.13:
    version "0.7.15"
    resolved "https://registry.yarnpkg.com/libsodium-wrappers/-/libsodium-wrappers-0.7.15.tgz#53f13e483820272a3d55b23be2e34402ac988055"
    integrity sha512-E4anqJQwcfiC6+Yrl01C1m8p99wEhLmJSs0VQqST66SbQXXBoaJY0pF4BNjRYa/sOQAxx6lXAaAFIlx+15tXJQ==
    dependencies:
      libsodium "^0.7.15"
  
  libsodium@^0.7.15:
    version "0.7.15"
    resolved "https://registry.yarnpkg.com/libsodium/-/libsodium-0.7.15.tgz#ac284e3dcb1c29ae9526c5581cdada6a072f6d20"
    integrity sha512-sZwRknt/tUpE2AwzHq3jEyUU5uvIZHtSssktXq7owd++3CSgn8RGrv6UZJJBpP7+iBghBqe7Z06/2M31rI2NKw==
  
  lit-element@^4.2.0:
    version "4.2.0"
    resolved "https://registry.yarnpkg.com/lit-element/-/lit-element-4.2.0.tgz#75dcf9e5fae3e3b5fd3f02a5d297c582d0bb0ba3"
    integrity sha512-MGrXJVAI5x+Bfth/pU9Kst1iWID6GHDLEzFEnyULB/sFiRLgkd8NPK/PeeXxktA3T6EIIaq8U3KcbTU5XFcP2Q==
    dependencies:
      "@lit-labs/ssr-dom-shim" "^1.2.0"
      "@lit/reactive-element" "^2.1.0"
      lit-html "^3.3.0"
  
  lit-html@^3.3.0:
    version "3.3.0"
    resolved "https://registry.yarnpkg.com/lit-html/-/lit-html-3.3.0.tgz#f66c734a6c69dbb12abf9a718fa5d3dfb46d0b7c"
    integrity sha512-RHoswrFAxY2d8Cf2mm4OZ1DgzCoBKUKSPvA1fhtSELxUERq2aQQ2h05pO9j81gS1o7RIRJ+CePLogfyahwmynw==
    dependencies:
      "@types/trusted-types" "^2.0.2"
  
  lit-signal-watcher@^0.1.1:
    version "0.1.1"
    resolved "https://registry.yarnpkg.com/lit-signal-watcher/-/lit-signal-watcher-0.1.1.tgz#dd69da7142f148f59765055317b50389a4fb9105"
    integrity sha512-OUAEqcKI7NY6/1md4Hy3RqoQOpiv+GiYO6ISDt8JTeXKW3YditiAACYsfEZ8mwGxfCLcRSfWLdKgNFntiYqm+Q==
    dependencies:
      lit "^3.0.0"
      signal-polyfill "^0.1.1"
  
  lit@^3.0.0:
    version "3.3.0"
    resolved "https://registry.yarnpkg.com/lit/-/lit-3.3.0.tgz#b3037ea94676fb89c3dde9951914efefd0441f17"
    integrity sha512-DGVsqsOIHBww2DqnuZzW7QsuCdahp50ojuDaBPC7jUDRpYoH0z7kHBBYZewRzer75FwtrkmkKk7iOAwSaWdBmw==
    dependencies:
      "@lit/reactive-element" "^2.1.0"
      lit-element "^4.2.0"
      lit-html "^3.3.0"
  
  local-pkg@^0.4.2:
    version "0.4.3"
    resolved "https://registry.yarnpkg.com/local-pkg/-/local-pkg-0.4.3.tgz#0ff361ab3ae7f1c19113d9bb97b98b905dbc4963"
    integrity sha512-SFppqq5p42fe2qcZQqqEOiVRXl+WCP1MdT6k7BDEW1j++sp5fIY+/fdRQitvKgB5BrBcmrs5m/L0v2FrU5MY1g==
  
  lodash-es@^4.17.21:
    version "4.17.21"
    resolved "https://registry.yarnpkg.com/lodash-es/-/lodash-es-4.17.21.tgz#43e626c46e6591b7750beb2b50117390c609e3ee"
    integrity sha512-mKnC+QJ9pWVzv+C4/U3rRsHapFfHvQFoFB92e52xeyGMcX6/OlIl78je1u8vePzYZSkkogMPJ2yjxxsb89cxyw==
  
  lodash.defaults@^4.2.0:
    version "4.2.0"
    resolved "https://registry.yarnpkg.com/lodash.defaults/-/lodash.defaults-4.2.0.tgz#d09178716ffea4dde9e5fb7b37f6f0802274580c"
    integrity sha512-qjxPLHd3r5DnsdGacqOMU6pb/avJzdh9tFX2ymgoZE27BmjXrNy/y4LoaiTeAb+O3gL8AfpJGtqfX/ae2leYYQ==
  
  lodash.difference@^4.5.0:
    version "4.5.0"
    resolved "https://registry.yarnpkg.com/lodash.difference/-/lodash.difference-4.5.0.tgz#9ccb4e505d486b91651345772885a2df27fd017c"
    integrity sha512-dS2j+W26TQ7taQBGN8Lbbq04ssV3emRw4NY58WErlTO29pIqS0HmoT5aJ9+TUQ1N3G+JOZSji4eugsWwGp9yPA==
  
  lodash.flatten@^4.4.0:
    version "4.4.0"
    resolved "https://registry.yarnpkg.com/lodash.flatten/-/lodash.flatten-4.4.0.tgz#f31c22225a9632d2bbf8e4addbef240aa765a61f"
    integrity sha512-C5N2Z3DgnnKr0LOpv/hKCgKdb7ZZwafIrsesve6lmzvZIRZRGaZ/l6Q8+2W7NaT+ZwO3fFlSCzCzrDCFdJfZ4g==
  
  lodash.includes@^4.3.0:
    version "4.3.0"
    resolved "https://registry.yarnpkg.com/lodash.includes/-/lodash.includes-4.3.0.tgz#60bb98a87cb923c68ca1e51325483314849f553f"
    integrity sha512-W3Bx6mdkRTGtlJISOvVD/lbqjTlPPUDTMnlXZFnVwi9NKJ6tiAk6LVdlhZMm17VZisqhKcgzpO5Wz91PCt5b0w==
  
  lodash.isboolean@^3.0.3:
    version "3.0.3"
    resolved "https://registry.yarnpkg.com/lodash.isboolean/-/lodash.isboolean-3.0.3.tgz#6c2e171db2a257cd96802fd43b01b20d5f5870f6"
    integrity sha512-Bz5mupy2SVbPHURB98VAcw+aHh4vRV5IPNhILUCsOzRmsTmSQ17jIuqopAentWoehktxGd9e/hbIXq980/1QJg==
  
  lodash.isinteger@^4.0.4:
    version "4.0.4"
    resolved "https://registry.yarnpkg.com/lodash.isinteger/-/lodash.isinteger-4.0.4.tgz#619c0af3d03f8b04c31f5882840b77b11cd68343"
    integrity sha512-DBwtEWN2caHQ9/imiNeEA5ys1JoRtRfY3d7V9wkqtbycnAmTvRRmbHKDV4a0EYc678/dia0jrte4tjYwVBaZUA==
  
  lodash.isnumber@^3.0.3:
    version "3.0.3"
    resolved "https://registry.yarnpkg.com/lodash.isnumber/-/lodash.isnumber-3.0.3.tgz#3ce76810c5928d03352301ac287317f11c0b1ffc"
    integrity sha512-QYqzpfwO3/CWf3XP+Z+tkQsfaLL/EnUlXWVkIk5FUPc4sBdTehEqZONuyRt2P67PXAk+NXmTBcc97zw9t1FQrw==
  
  lodash.isplainobject@^4.0.6:
    version "4.0.6"
    resolved "https://registry.yarnpkg.com/lodash.isplainobject/-/lodash.isplainobject-4.0.6.tgz#7c526a52d89b45c45cc690b88163be0497f550cb"
    integrity sha512-oSXzaWypCMHkPC3NvBEaPHf0KsA5mvPrOPgQWDsbg8n7orZ290M0BmC/jgRZ4vcJ6DTAhjrsSYgdsW/F+MFOBA==
  
  lodash.isstring@^4.0.1:
    version "4.0.1"
    resolved "https://registry.yarnpkg.com/lodash.isstring/-/lodash.isstring-4.0.1.tgz#d527dfb5456eca7cc9bb95d5daeaf88ba54a5451"
    integrity sha512-0wJxfxH1wgO3GrbuP+dTTk7op+6L41QCXbGINEmD+ny/G/eCqGzxyCsh7159S+mgDDcoarnBw6PC1PS5+wUGgw==
  
  lodash.once@^4.0.0:
    version "4.1.1"
    resolved "https://registry.yarnpkg.com/lodash.once/-/lodash.once-4.1.1.tgz#0dd3971213c7c56df880977d504c88fb471a97ac"
    integrity sha512-Sb487aTOCr9drQVL8pIxOzVhafOjZN9UU54hiN8PU3uAiSV7lx1yYNpbNmex2PK6dSJoNTSJUUswT651yww3Mg==
  
  lodash.union@^4.6.0:
    version "4.6.0"
    resolved "https://registry.yarnpkg.com/lodash.union/-/lodash.union-4.6.0.tgz#48bb5088409f16f1821666641c44dd1aaae3cd88"
    integrity sha512-c4pB2CdGrGdjMKYLA+XiRDO7Y0PRQbm/Gzg8qMj+QH+pFVAoTp5sBpO0odL3FjoPCGjK96p6qsP+yQoiLoOBcw==
  
  lodash@^4.17.21:
    version "4.17.21"
    resolved "https://registry.yarnpkg.com/lodash/-/lodash-4.17.21.tgz#679591c564c3bffaae8454cf0b3df370c3d6911c"
    integrity sha512-v2kDEe57lecTulaDIuNTPy3Ry4gLGJ6Z1O3vE1krgXZNrsQ+LFTGHVxVjcXPs17LhbZVGedAJv8XZ1tvj5FvSg==
  
  logform@^2.7.0:
    version "2.7.0"
    resolved "https://registry.yarnpkg.com/logform/-/logform-2.7.0.tgz#cfca97528ef290f2e125a08396805002b2d060d1"
    integrity sha512-TFYA4jnP7PVbmlBIfhlSe+WKxs9dklXMTEGcBCIvLhE/Tn3H6Gk1norupVW7m5Cnd4bLcr08AytbyV/xj7f/kQ==
    dependencies:
      "@colors/colors" "1.6.0"
      "@types/triple-beam" "^1.3.2"
      fecha "^4.2.0"
      ms "^2.1.1"
      safe-stable-stringify "^2.3.1"
      triple-beam "^1.3.0"
  
  loupe@^2.3.6:
    version "2.3.7"
    resolved "https://registry.yarnpkg.com/loupe/-/loupe-2.3.7.tgz#6e69b7d4db7d3ab436328013d37d1c8c3540c697"
    integrity sha512-zSMINGVYkdpYSOBmLi0D1Uo7JU9nVdQKrHxC8eYlV+9YKK9WePqAlL7lSlorG/U2Fw1w0hTBmaa/jrQ3UbPHtA==
    dependencies:
      get-func-name "^2.0.1"
  
  lowercase-keys@^2.0.0:
    version "2.0.0"
    resolved "https://registry.yarnpkg.com/lowercase-keys/-/lowercase-keys-2.0.0.tgz#2603e78b7b4b0006cbca2fbcc8a3202558ac9479"
    integrity sha512-tqNXrS78oMOE73NMxK4EMLQsQowWf8jKooH9g7xPavRT706R6bkQJ6DY2Te7QukaZsulxa30wQ7bk0pm4XiHmA==
  
  magic-string@^0.25.7:
    version "0.25.9"
    resolved "https://registry.yarnpkg.com/magic-string/-/magic-string-0.25.9.tgz#de7f9faf91ef8a1c91d02c2e5314c8277dbcdd1c"
    integrity sha512-RmF0AsMzgt25qzqqLc1+MbHmhdx0ojF2Fvs4XnOqz2ZOBXzzkEwc/dJQZCYHAn7v1jbVOjAZfK8msRn4BxO4VQ==
    dependencies:
      sourcemap-codec "^1.4.8"
  
  magic-string@^0.30.3:
    version "0.30.17"
    resolved "https://registry.yarnpkg.com/magic-string/-/magic-string-0.30.17.tgz#450a449673d2460e5bbcfba9a61916a1714c7453"
    integrity sha512-sNPKHvyjVf7gyjwS4xGTaW/mCnF8wnjtifKBEhxfZ7E/S8tQ0rssrwGNn6q8JH/ohItJfSQp9mBtQYuTlH5QnA==
    dependencies:
      "@jridgewell/sourcemap-codec" "^1.5.0"
  
  make-error@^1.1.1:
    version "1.3.6"
    resolved "https://registry.yarnpkg.com/make-error/-/make-error-1.3.6.tgz#2eb2e37ea9b67c4891f684a1394799af484cf7a2"
    integrity sha512-s8UhlNe7vPKomQhC1qFelMokr/Sc3AgNbso3n74mVPA5LTZwkB9NlXf4XPamLxJE8h0gh73rM94xvwRT2CVInw==
  
  matcher@^3.0.0:
    version "3.0.0"
    resolved "https://registry.yarnpkg.com/matcher/-/matcher-3.0.0.tgz#bd9060f4c5b70aa8041ccc6f80368760994f30ca"
    integrity sha512-OkeDaAZ/bQCxeFAozM55PKcKU0yJMPGifLwV4Qgjitu+5MoAfSQN4lsLJeXZ1b8w0x+/Emda6MZgXS1jvsapng==
    dependencies:
      escape-string-regexp "^4.0.0"
  
  math-intrinsics@^1.1.0:
    version "1.1.0"
    resolved "https://registry.yarnpkg.com/math-intrinsics/-/math-intrinsics-1.1.0.tgz#a0dd74be81e2aa5c2f27e65ce283605ee4e2b7f9"
    integrity sha512-/IXtbwEk5HTPyEwyKX6hGkYXxM9nbj64B+ilVJnC/R6B0pH5G4V3b0pVbL7DBj4tkhBAppbQUlf6F6Xl9LHu1g==
  
  merge2@^1.3.0:
    version "1.4.1"
    resolved "https://registry.yarnpkg.com/merge2/-/merge2-1.4.1.tgz#4368892f885e907455a6fd7dc55c0c9d404990ae"
    integrity sha512-8q7VEgMJW4J8tcfVPy8g09NcQwZdbwFEqhe/WZkoIzjn/3TGDwtOCYtXGxA3O8tPzpczCCDgv+P2P5y00ZJOOg==
  
  micromatch@^4.0.5, micromatch@^4.0.8:
    version "4.0.8"
    resolved "https://registry.yarnpkg.com/micromatch/-/micromatch-4.0.8.tgz#d66fa18f3a47076789320b9b1af32bd86d9fa202"
    integrity sha512-PXwfBhYu0hBCPw8Dn0E+WDYb7af3dSLVWKi3HGv84IdF4TyFoC0ysxFd0Goxw7nSv4T/PzEJQxsYsEiFCKo2BA==
    dependencies:
      braces "^3.0.3"
      picomatch "^2.3.1"
  
  mime-db@1.52.0:
    version "1.52.0"
    resolved "https://registry.yarnpkg.com/mime-db/-/mime-db-1.52.0.tgz#bbabcdc02859f4987301c856e3387ce5ec43bf70"
    integrity sha512-sPU4uV7dYlvtWJxwwxHD0PuihVNiE7TyAbQ5SWxDCB9mUYvOgroQOwYQQOKPJ8CIbE+1ETVlOoK1UC2nU3gYvg==
  
  mime-db@^1.28.0:
    version "1.54.0"
    resolved "https://registry.yarnpkg.com/mime-db/-/mime-db-1.54.0.tgz#cddb3ee4f9c64530dff640236661d42cb6a314f5"
    integrity sha512-aU5EJuIN2WDemCcAp2vFBfp/m4EAhWJnUNSSw0ixs7/kXbd6Pg64EmwJkNdFhB8aWt1sH2CTXrLxo/iAGV3oPQ==
  
  mime-types@^2.1.12:
    version "2.1.35"
    resolved "https://registry.yarnpkg.com/mime-types/-/mime-types-2.1.35.tgz#381a871b62a734450660ae3deee44813f70d959a"
    integrity sha512-ZDY+bPm5zTTF+YpCrAU9nK0UgICYPT0QtT1NZWFv4s++TNkcgVaT0g6+4R2uI4MjQjzysHB1zxuWL50hzaeXiw==
    dependencies:
      mime-db "1.52.0"
  
  mimic-response@^1.0.0:
    version "1.0.1"
    resolved "https://registry.yarnpkg.com/mimic-response/-/mimic-response-1.0.1.tgz#4923538878eef42063cb8a3e3b0798781487ab1b"
    integrity sha512-j5EctnkH7amfV/q5Hgmoal1g2QHFJRraOtmx0JpIqkxhBhI/lJSl1nMpQ45hVarwNETOoWEimndZ4QK0RHxuxQ==
  
  mimic-response@^3.1.0:
    version "3.1.0"
    resolved "https://registry.yarnpkg.com/mimic-response/-/mimic-response-3.1.0.tgz#2d1d59af9c1b129815accc2c46a022a5ce1fa3c9"
    integrity sha512-z0yWI+4FDrrweS8Zmt4Ej5HdJmky15+L2e6Wgn3+iK5fWzb6T3fhNFq2+MeTRb064c6Wr4N/wv0DzQTjNzHNGQ==
  
  min-indent@^1.0.0:
    version "1.0.1"
    resolved "https://registry.yarnpkg.com/min-indent/-/min-indent-1.0.1.tgz#a63f681673b30571fbe8bc25686ae746eefa9869"
    integrity sha512-I9jwMn07Sy/IwOj3zVkVik2JTvgpaykDZEigL6Rx6N9LbMywwUSMtxET+7lVoDLLd3O3IXwJwvuuns8UB/HeAg==
  
  minimatch@^3.1.1:
    version "3.1.2"
    resolved "https://registry.yarnpkg.com/minimatch/-/minimatch-3.1.2.tgz#19cd194bfd3e428f049a70817c038d89ab4be35b"
    integrity sha512-J7p63hRiAjw1NDEww1W7i37+ByIrOWO5XQQAzZ3VOcL0PNybwpfmV/N05zFAzwQ9USyEcX6t3UO+K5aqBQOIHw==
    dependencies:
      brace-expansion "^1.1.7"
  
  minimatch@^5.1.0:
    version "5.1.6"
    resolved "https://registry.yarnpkg.com/minimatch/-/minimatch-5.1.6.tgz#1cfcb8cf5522ea69952cd2af95ae09477f122a96"
    integrity sha512-lKwV/1brpG6mBUFHtb7NUmtABCb2WZZmm2wNiOA5hAb8VdCS4B3dtMWyvcoViccwAW/COERjXLt0zP1zXUN26g==
    dependencies:
      brace-expansion "^2.0.1"
  
  minimist@^1.2.0, minimist@^1.2.6:
    version "1.2.8"
    resolved "https://registry.yarnpkg.com/minimist/-/minimist-1.2.8.tgz#c1a464e7693302e082a075cee0c057741ac4772c"
    integrity sha512-2yyAR8qBkN3YuheJanUpWC5U3bb5osDywNB8RzDVlDwDHbocAJveqqj1u8+SVD7jkWT4yvsHCpWqqWqAxb0zCA==
  
  mkdirp@^0.5.1:
    version "0.5.6"
    resolved "https://registry.yarnpkg.com/mkdirp/-/mkdirp-0.5.6.tgz#7def03d2432dcae4ba1d611445c48396062255f6"
    integrity sha512-FP+p8RB8OWpF3YZBCrP5gtADmtXApB5AMLn+vdyA+PyxCjrCs00mjyUozssO33cwDeT3wNGdLxJ5M//YqtHAJw==
    dependencies:
      minimist "^1.2.6"
  
  mlly@^1.1.0, mlly@^1.7.4:
    version "1.7.4"
    resolved "https://registry.yarnpkg.com/mlly/-/mlly-1.7.4.tgz#3d7295ea2358ec7a271eaa5d000a0f84febe100f"
    integrity sha512-qmdSIPC4bDJXgZTCR7XosJiNKySV7O215tsPtDN9iEO/7q/76b/ijtgRu/+epFXSJhijtTCCGp3DWS549P3xKw==
    dependencies:
      acorn "^8.14.0"
      pathe "^2.0.1"
      pkg-types "^1.3.0"
      ufo "^1.5.4"
  
  modify-filename@^1.1.0:
    version "1.1.0"
    resolved "https://registry.yarnpkg.com/modify-filename/-/modify-filename-1.1.0.tgz#9a2dec83806fbb2d975f22beec859ca26b393aa1"
    integrity sha512-EickqnKq3kVVaZisYuCxhtKbZjInCuwgwZWyAmRIp1NTMhri7r3380/uqwrUHfaDiPzLVTuoNy4whX66bxPVog==
  
  mri@^1.1.0:
    version "1.2.0"
    resolved "https://registry.yarnpkg.com/mri/-/mri-1.2.0.tgz#6721480fec2a11a4889861115a48b6cbe7cc8f0b"
    integrity sha512-tzzskb3bG8LvYGFF/mDTpq3jpI6Q9wc3LEmBaghu+DdCssd1FakN7Bc0hVNmEyGq1bq3RgfkCb3cmQLpNPOroA==
  
  ms@^2.1.1, ms@^2.1.3:
    version "2.1.3"
    resolved "https://registry.yarnpkg.com/ms/-/ms-2.1.3.tgz#574c8138ce1d2b5861f0b44579dbadd60c6615b2"
    integrity sha512-6FlzubTLZG3J2a/NVCAleEhjzq5oxgHyaCU9yYXvcLsvoVaHJq/s5xXI6/XXP6tz7R9xAOtHnSO/tXtF3WRTlA==
  
  nanoassert@^1.0.0:
    version "1.1.0"
    resolved "https://registry.yarnpkg.com/nanoassert/-/nanoassert-1.1.0.tgz#4f3152e09540fde28c76f44b19bbcd1d5a42478d"
    integrity sha512-C40jQ3NzfkP53NsO8kEOFd79p4b9kDXQMwgiY1z8ZwrDZgUyom0AHwGegF4Dm99L+YoYhuaB0ceerUcXmqr1rQ==
  
  nanoassert@^2.0.0:
    version "2.0.0"
    resolved "https://registry.yarnpkg.com/nanoassert/-/nanoassert-2.0.0.tgz#a05f86de6c7a51618038a620f88878ed1e490c09"
    integrity sha512-7vO7n28+aYO4J+8w96AzhmU8G+Y/xpPDJz/se19ICsqj/momRbb9mh9ZUtkoJ5X3nTnPdhEJyc0qnM6yAsHBaA==
  
  nanoid@5.0.4:
    version "5.0.4"
    resolved "https://registry.yarnpkg.com/nanoid/-/nanoid-5.0.4.tgz#d2b608d8169d7da669279127615535705aa52edf"
    integrity sha512-vAjmBf13gsmhXSgBrtIclinISzFFy22WwCYoyilZlsrRXNIHSwgFQ1bEdjRwMT3aoadeIF6HMuDRlOxzfXV8ig==
  
  nanoid@^3.3.8:
    version "3.3.11"
    resolved "https://registry.yarnpkg.com/nanoid/-/nanoid-3.3.11.tgz#4f4f112cefbe303202f2199838128936266d185b"
    integrity sha512-N8SpfPUnUp1bK+PMYW8qSWdl9U+wwNWI4QKxOYDy9JAro3WMX7p2OeVRF9v+347pnakNevPmiHhNmZ2HbFA76w==
  
  node-addon-api@^7.0.0:
    version "7.1.1"
    resolved "https://registry.yarnpkg.com/node-addon-api/-/node-addon-api-7.1.1.tgz#1aba6693b0f255258a049d621329329322aad558"
    integrity sha512-5m3bsyrjFWE1xf7nz7YXdN4udnVtXK6/Yfgn5qnahL6bCkf2yKt4k3nuTKAtT4r3IG8JNR2ncsIMdZuAzJjHQQ==
  
  node-gyp-build@^4.3.0:
    version "4.8.4"
    resolved "https://registry.yarnpkg.com/node-gyp-build/-/node-gyp-build-4.8.4.tgz#8a70ee85464ae52327772a90d66c6077a900cfc8"
    integrity sha512-LA4ZjwlnUblHVgq0oBF3Jl/6h/Nvs5fzBLwdEF4nuxnFdsfajde4WfxtJr3CaiH+F6ewcIB/q4jQ4UzPyid+CQ==
  
  normalize-path@^3.0.0, normalize-path@~3.0.0:
    version "3.0.0"
    resolved "https://registry.yarnpkg.com/normalize-path/-/normalize-path-3.0.0.tgz#0dcd69ff23a1c9b11fd0978316644a0388216a65"
    integrity sha512-6eZs5Ls3WtCisHWp9S2GUy8dqkpGi4BVSz3GaqiE6ezub0512ESztXUwUB6C6IKbQkY2Pnb/mD4WYojCRwcwLA==
  
  normalize-url@^6.0.1:
    version "6.1.0"
    resolved "https://registry.yarnpkg.com/normalize-url/-/normalize-url-6.1.0.tgz#40d0885b535deffe3f3147bec877d05fe4c5668a"
    integrity sha512-DlL+XwOy3NxAQ8xuC0okPgK46iuVNAK01YN7RueYBqqFeGsBjV9XmCAzAdgt+667bCl5kPh9EqKKDwnaPG1I7A==
  
  object-inspect@^1.13.3:
    version "1.13.4"
    resolved "https://registry.yarnpkg.com/object-inspect/-/object-inspect-1.13.4.tgz#8375265e21bc20d0fa582c22e1b13485d6e00213"
    integrity sha512-W67iLl4J2EXEGTbfeHCffrjDfitvLANg0UlX3wFUUSTx92KXRFegMHUVgSqE+wvhAbi4WqjGg9czysTV2Epbew==
  
  object-keys@^1.1.1:
    version "1.1.1"
    resolved "https://registry.yarnpkg.com/object-keys/-/object-keys-1.1.1.tgz#1c47f272df277f3b1daf061677d9c82e2322c60e"
    integrity sha512-NuAESUOUMrlIXOfHKzD6bpPu3tYt3xvjNdRIQ+FeT0lNb4K8WR70CaDxhuNguS2XG+GjkyMwOzsN5ZktImfhLA==
  
  once@^1.3.0, once@^1.3.1, once@^1.4.0:
    version "1.4.0"
    resolved "https://registry.yarnpkg.com/once/-/once-1.4.0.tgz#583b1aa775961d4b113ac17d9c50baef9dd76bd1"
    integrity sha512-lNaJgI+2Q5URQBkccEKHTQOPaXdUxnZZElQTZY0MFUAuaEqe1E+Nyvgdz/aIyNi6Z9MzO5dv1H8n58/GELp3+w==
    dependencies:
      wrappy "1"
  
  one-time@^1.0.0:
    version "1.0.0"
    resolved "https://registry.yarnpkg.com/one-time/-/one-time-1.0.0.tgz#e06bc174aed214ed58edede573b433bbf827cb45"
    integrity sha512-5DXOiRKwuSEcQ/l0kGCF6Q3jcADFv5tSmRaJck/OqkVFcOzutB134KRSfF0xDrL39MNnqxbHBbUUcjZIhTgb2g==
    dependencies:
      fn.name "1.x.x"
  
  p-cancelable@^2.0.0:
    version "2.1.1"
    resolved "https://registry.yarnpkg.com/p-cancelable/-/p-cancelable-2.1.1.tgz#aab7fbd416582fa32a3db49859c122487c5ed2cf"
    integrity sha512-BZOr3nRQHOntUjTrH8+Lh54smKHoHyur8We1V8DSMVrl5A2malOOwuJRnKRDjSnkoeBh4at6BwEnb5I7Jl31wg==
  
  p-limit@^4.0.0:
    version "4.0.0"
    resolved "https://registry.yarnpkg.com/p-limit/-/p-limit-4.0.0.tgz#914af6544ed32bfa54670b061cafcbd04984b644"
    integrity sha512-5b0R4txpzjPWVw/cXXUResoD4hb6U/x9BH08L7nw+GN1sezDzPdxeRvpc9c433fZhBan/wusjbCsqwqm4EIBIQ==
    dependencies:
      yocto-queue "^1.0.0"
  
  parent-module@^1.0.0:
    version "1.0.1"
    resolved "https://registry.yarnpkg.com/parent-module/-/parent-module-1.0.1.tgz#691d2709e78c79fae3a156622452d00762caaaa2"
    integrity sha512-GQ2EWRpQV8/o+Aw8YqtfZZPfNRWZYkbidE9k5rpl/hC3vtHHBfGm2Ifi6qWV+coDGkrUKZAxE3Lot5kcsRlh+g==
    dependencies:
      callsites "^3.0.0"
  
  path-exists@^4.0.0:
    version "4.0.0"
    resolved "https://registry.yarnpkg.com/path-exists/-/path-exists-4.0.0.tgz#513bdbe2d3b95d7762e8c1137efa195c6c61b5b3"
    integrity sha512-ak9Qy5Q7jYb2Wwcey5Fpvg2KoAc/ZIhLSLOSBmRmygPsGwkVVt0fZa0qrtMz+m6tJTAHfZQ8FnmB4MG4LWy7/w==
  
  path-is-absolute@^1.0.0:
    version "1.0.1"
    resolved "https://registry.yarnpkg.com/path-is-absolute/-/path-is-absolute-1.0.1.tgz#174b9268735534ffbc7ace6bf53a5a9e1b5c5f5f"
    integrity sha512-AVbw3UJ2e9bq64vSaS9Am0fje1Pa8pbGqTTsmXfaIiMpnr5DlDhfJOuLj9Sf95ZPVDAUerDfEk88MPmPe7UCQg==
  
  pathe@^1.1.0:
    version "1.1.2"
    resolved "https://registry.yarnpkg.com/pathe/-/pathe-1.1.2.tgz#6c4cb47a945692e48a1ddd6e4094d170516437ec"
    integrity sha512-whLdWMYL2TwI08hn8/ZqAbrVemu0LNaNNJZX73O6qaIdCTfXutsLhMkjdENX0qhsQ9uIimo4/aQOmXkoon2nDQ==
  
  pathe@^2.0.1:
    version "2.0.3"
    resolved "https://registry.yarnpkg.com/pathe/-/pathe-2.0.3.tgz#3ecbec55421685b70a9da872b2cff3e1cbed1716"
    integrity sha512-WUjGcAqP1gQacoQe+OBJsFA7Ld4DyXuUIjZ5cc75cLHvJ7dtNsTugphxIADwspS+AraAUePCKrSVtPLFj/F88w==
  
  pathval@^1.1.1:
    version "1.1.1"
    resolved "https://registry.yarnpkg.com/pathval/-/pathval-1.1.1.tgz#8534e77a77ce7ac5a2512ea21e0fdb8fcf6c3d8d"
    integrity sha512-Dp6zGqpTdETdR63lehJYPeIOqpiNBNtc7BpWSLrOje7UaIsE5aY92r/AunQA7rsXvet3lrJ3JnZX29UPTKXyKQ==
  
  pend@~1.2.0:
    version "1.2.0"
    resolved "https://registry.yarnpkg.com/pend/-/pend-1.2.0.tgz#7a57eb550a6783f9115331fcf4663d5c8e007a50"
    integrity sha512-F3asv42UuXchdzt+xXqfW1OGlVBe+mxa2mqI0pg5yAHZPvFmY3Y6drSf/GQ1A86WgWEN9Kzh/WrgKa6iGcHXLg==
  
  picocolors@^1.0.0, picocolors@^1.1.1:
    version "1.1.1"
    resolved "https://registry.yarnpkg.com/picocolors/-/picocolors-1.1.1.tgz#3d321af3eab939b083c8f929a1d12cda81c26b6b"
    integrity sha512-xceH2snhtb5M9liqDsmEw56le376mTZkEX/jEb/RxNFyegNul7eNslCXP9FDj/Lcu0X8KEyMceP2ntpaHrDEVA==
  
  picomatch@^2.0.4, picomatch@^2.2.1, picomatch@^2.3.1:
    version "2.3.1"
    resolved "https://registry.yarnpkg.com/picomatch/-/picomatch-2.3.1.tgz#3ba3833733646d9d3e4995946c1365a67fb07a42"
    integrity sha512-JU3teHTNjmE2VCGFzuY8EXzCDVwEqB2a8fsIvwaStHhAWJEeVd1o1QD80CU6+ZdEXXSLbSsuLwJjkCBWqRQUVA==
  
  pkg-types@^1.3.0:
    version "1.3.1"
    resolved "https://registry.yarnpkg.com/pkg-types/-/pkg-types-1.3.1.tgz#bd7cc70881192777eef5326c19deb46e890917df"
    integrity sha512-/Jm5M4RvtBFVkKWRu2BLUTNP8/M2a+UwuAX+ae4770q1qVGtfjG+WTCupoZixokjmHiry8uI+dlY8KXYV5HVVQ==
    dependencies:
      confbox "^0.1.8"
      mlly "^1.7.4"
      pathe "^2.0.1"
  
  postcss@^8.4.27:
    version "8.5.3"
    resolved "https://registry.yarnpkg.com/postcss/-/postcss-8.5.3.tgz#1463b6f1c7fb16fe258736cba29a2de35237eafb"
    integrity sha512-dle9A3yYxlBSrt8Fu+IpjGT8SY8hN0mlaA6GY8t0P5PjIOZemULz/E2Bnm/2dcUOena75OTNkHI76uZBNUUq3A==
    dependencies:
      nanoid "^3.3.8"
      picocolors "^1.1.1"
      source-map-js "^1.2.1"
  
  pretty-format@^27.5.1:
    version "27.5.1"
    resolved "https://registry.yarnpkg.com/pretty-format/-/pretty-format-27.5.1.tgz#2181879fdea51a7a5851fb39d920faa63f01d88e"
    integrity sha512-Qb1gy5OrP5+zDf2Bvnzdl3jsTf1qXVMazbvCoKhtKqVs4/YK4ozX4gKQJJVyNe+cajNPn0KoC0MC3FUmaHWEmQ==
    dependencies:
      ansi-regex "^5.0.1"
      ansi-styles "^5.0.0"
      react-is "^17.0.1"
  
  process-nextick-args@~2.0.0:
    version "2.0.1"
    resolved "https://registry.yarnpkg.com/process-nextick-args/-/process-nextick-args-2.0.1.tgz#7820d9b16120cc55ca9ae7792680ae7dba6d7fe2"
    integrity sha512-3ouUOpQhtgrbOa17J7+uxOTpITYWaGP7/AhoR3+A+/1e9skrzelGi/dXzEYyvbxubEF6Wn2ypscTKiKJFFn1ag==
  
  progress@^2.0.3:
    version "2.0.3"
    resolved "https://registry.yarnpkg.com/progress/-/progress-2.0.3.tgz#7e8cf8d8f5b8f239c1bc68beb4eb78567d572ef8"
    integrity sha512-7PiHtLll5LdnKIMw100I+8xJXR5gW2QwWYkT6iJva0bXitZKa/XMrSbdmg3r2Xnaidz9Qumd0VPaMrZlF9V9sA==
  
  proxy-from-env@^1.1.0:
    version "1.1.0"
    resolved "https://registry.yarnpkg.com/proxy-from-env/-/proxy-from-env-1.1.0.tgz#e102f16ca355424865755d2c9e8ea4f24d58c3e2"
    integrity sha512-D+zkORCbA9f1tdWRK0RaCR3GPv50cMxcrz4X8k5LTSUD1Dkw47mKJEZQNunItRTkWwgtaUSo1RVFRIG9ZXiFYg==
  
  pump@^3.0.0:
    version "3.0.2"
    resolved "https://registry.yarnpkg.com/pump/-/pump-3.0.2.tgz#836f3edd6bc2ee599256c924ffe0d88573ddcbf8"
    integrity sha512-tUPXtzlGM8FE3P0ZL6DVs/3P58k9nk8/jZeQCurTJylQA8qFYzHFfhBJkuqyE0FifOsQ0uKWekiZ5g8wtr28cw==
    dependencies:
      end-of-stream "^1.1.0"
      once "^1.3.1"
  
  pupa@^2.0.1:
    version "2.1.1"
    resolved "https://registry.yarnpkg.com/pupa/-/pupa-2.1.1.tgz#f5e8fd4afc2c5d97828faa523549ed8744a20d62"
    integrity sha512-l1jNAspIBSFqbT+y+5FosojNpVpF94nlI+wDUpqP9enwOTfHx9f0gh5nB96vl+6yTpsJsypeNrwfzPrKuHB41A==
    dependencies:
      escape-goat "^2.0.0"
  
  qs@^6.9.4:
    version "6.14.0"
    resolved "https://registry.yarnpkg.com/qs/-/qs-6.14.0.tgz#c63fa40680d2c5c941412a0e899c89af60c0a930"
    integrity sha512-YWWTjgABSKcvs/nWBi9PycY/JiPJqOD4JA6o9Sej2AtvSGarXxKC3OQSk4pAarbdQlKAh5D4FCQkJNkW+GAn3w==
    dependencies:
      side-channel "^1.1.0"
  
  querystringify@^2.1.1:
    version "2.2.0"
    resolved "https://registry.yarnpkg.com/querystringify/-/querystringify-2.2.0.tgz#3345941b4153cb9d082d8eee4cda2016a9aef7f6"
    integrity sha512-FIqgj2EUvTa7R50u0rGsyTftzjYmv/a3hO345bZNrqabNqjtgiDMgmo4mkUjd+nzU5oF3dClKqFIPUKybUyqoQ==
  
  queue-microtask@^1.2.2:
    version "1.2.3"
    resolved "https://registry.yarnpkg.com/queue-microtask/-/queue-microtask-1.2.3.tgz#4929228bbc724dfac43e0efb058caf7b6cfb6243"
    integrity sha512-NuaNSa6flKT5JaSYQzJok04JzTL1CA6aGhv5rfLW3PgqA+M2ChpZQnAC8h8i4ZFkBS8X5RqkDBHA7r4hej3K9A==
  
  quick-lru@^5.1.1:
    version "5.1.1"
    resolved "https://registry.yarnpkg.com/quick-lru/-/quick-lru-5.1.1.tgz#366493e6b3e42a3a6885e2e99d18f80fb7a8c932"
    integrity sha512-WuyALRjWPDGtt/wzJiadO5AXY+8hZ80hVpe6MyivgraREW751X3SbhRvG3eLKOYN+8VEvqLcf3wdnt44Z4S4SA==
  
  react-is@^17.0.1:
    version "17.0.2"
    resolved "https://registry.yarnpkg.com/react-is/-/react-is-17.0.2.tgz#e691d4a8e9c789365655539ab372762b0efb54f0"
    integrity sha512-w2GsyukL62IJnlaff/nRegPQR94C/XXamvMWmSHRJ4y7Ts/4ocGRmTHvOs8PSE6pB3dWOrD/nueuU5sduBsQ4w==
  
  readable-stream@^2.0.0, readable-stream@^2.0.5:
    version "2.3.8"
    resolved "https://registry.yarnpkg.com/readable-stream/-/readable-stream-2.3.8.tgz#91125e8042bba1b9887f49345f6277027ce8be9b"
    integrity sha512-8p0AUk4XODgIewSi0l8Epjs+EVnWiK7NoDIEGU0HhE7+ZyY8D1IMY7odu5lRrFXGg71L15KG8QrPmum45RTtdA==
    dependencies:
      core-util-is "~1.0.0"
      inherits "~2.0.3"
      isarray "~1.0.0"
      process-nextick-args "~2.0.0"
      safe-buffer "~5.1.1"
      string_decoder "~1.1.1"
      util-deprecate "~1.0.1"
  
  readable-stream@^3.1.1, readable-stream@^3.4.0, readable-stream@^3.6.0, readable-stream@^3.6.2:
    version "3.6.2"
    resolved "https://registry.yarnpkg.com/readable-stream/-/readable-stream-3.6.2.tgz#56a9b36ea965c00c5a93ef31eb111a0f11056967"
    integrity sha512-9u/sniCrY3D5WdsERHzHE4G2YCXqoG5FTHUiCC4SIbr6XcLZBY05ya9EKjYek9O5xOAwjGq+1JdGBAS7Q9ScoA==
    dependencies:
      inherits "^2.0.3"
      string_decoder "^1.1.1"
      util-deprecate "^1.0.1"
  
  readdir-glob@^1.1.2:
    version "1.1.3"
    resolved "https://registry.yarnpkg.com/readdir-glob/-/readdir-glob-1.1.3.tgz#c3d831f51f5e7bfa62fa2ffbe4b508c640f09584"
    integrity sha512-v05I2k7xN8zXvPD9N+z/uhXPaj0sUFCe2rcWZIpBsqxfP7xXFQ0tipAd/wjj1YxWyWtUS5IDJpOG82JKt2EAVA==
    dependencies:
      minimatch "^5.1.0"
  
  readdirp@^4.0.1:
    version "4.1.2"
    resolved "https://registry.yarnpkg.com/readdirp/-/readdirp-4.1.2.tgz#eb85801435fbf2a7ee58f19e0921b068fc69948d"
    integrity sha512-GDhwkLfywWL2s6vEjyhri+eXmfH6j1L7JE27WhqLeYzoh/A3DBaYGEj2H/HFZCn/kMfim73FXxEJTw06WtxQwg==
  
  readdirp@~3.6.0:
    version "3.6.0"
    resolved "https://registry.yarnpkg.com/readdirp/-/readdirp-3.6.0.tgz#74a370bd857116e245b29cc97340cd431a02a6c7"
    integrity sha512-hOS089on8RduqdbhvQ5Z37A0ESjsqz6qnRcffsMU3495FuTdqSm+7bhJ29JvIOsBDEEnan5DPu9t3To9VRlMzA==
    dependencies:
      picomatch "^2.2.1"
  
  require-directory@^2.1.1:
    version "2.1.1"
    resolved "https://registry.yarnpkg.com/require-directory/-/require-directory-2.1.1.tgz#8c64ad5fd30dab1c976e2344ffe7f792a6a6df42"
    integrity sha512-fGxEI7+wsG9xrvdjsrlmL22OMTTiHRwAMroiEeMgq8gzoLC/PQr7RsRDSTLUg/bZAZtF+TVIkHc6/4RIKrui+Q==
  
  requires-port@^1.0.0:
    version "1.0.0"
    resolved "https://registry.yarnpkg.com/requires-port/-/requires-port-1.0.0.tgz#925d2601d39ac485e091cf0da5c6e694dc3dcaff"
    integrity sha512-KigOCHcocU3XODJxsu8i/j8T9tzT4adHiecwORRQ0ZZFcp7ahwXuRU1m+yuO90C5ZUyGeGfocHDI14M3L3yDAQ==
  
  resolve-alpn@^1.0.0:
    version "1.2.1"
    resolved "https://registry.yarnpkg.com/resolve-alpn/-/resolve-alpn-1.2.1.tgz#b7adbdac3546aaaec20b45e7d8265927072726f9"
    integrity sha512-0a1F4l73/ZFZOakJnQ3FvkJ2+gSTQWz/r2KE5OdDY0TxPm5h4GkqkWWfM47T7HsbnOtcJVEF4epCVy6u7Q3K+g==
  
  resolve-from@^4.0.0:
    version "4.0.0"
    resolved "https://registry.yarnpkg.com/resolve-from/-/resolve-from-4.0.0.tgz#4abcd852ad32dd7baabfe9b40e00a36db5f392e6"
    integrity sha512-pb/MYmXstAkysRFx8piNI1tGFNQIFA3vkE3Gq4EuA1dF6gHp/+vgZqsCGJapvy8N3Q+4o7FwvquPJcnZ7RYy4g==
  
  responselike@^2.0.0:
    version "2.0.1"
    resolved "https://registry.yarnpkg.com/responselike/-/responselike-2.0.1.tgz#9a0bc8fdc252f3fb1cca68b016591059ba1422bc"
    integrity sha512-4gl03wn3hj1HP3yzgdI7d3lCkF95F21Pz4BPGvKHinyQzALR5CapwC8yIi0Rh58DEMQ/SguC03wFj2k0M/mHhw==
    dependencies:
      lowercase-keys "^2.0.0"
  
  reusify@^1.0.4:
    version "1.1.0"
    resolved "https://registry.yarnpkg.com/reusify/-/reusify-1.1.0.tgz#0fe13b9522e1473f51b558ee796e08f11f9b489f"
    integrity sha512-g6QUff04oZpHs0eG5p83rFLhHeV00ug/Yf9nZM6fLeUrPguBTkTQOdpAWWspMh55TZfVQDPaN3NQJfbVRAxdIw==
  
  rimraf@^2.5.2:
    version "2.7.1"
    resolved "https://registry.yarnpkg.com/rimraf/-/rimraf-2.7.1.tgz#35797f13a7fdadc566142c29d4f07ccad483e3ec"
    integrity sha512-uWjbaKIK3T1OSVptzX7Nl6PvQ3qAGtKEtVRjRuazjfL3Bx5eI409VZSqgND+4UNnmzLVdPj9FqFJNPqBZFve4w==
    dependencies:
      glob "^7.1.3"
  
  rimraf@^3.0.2:
    version "3.0.2"
    resolved "https://registry.yarnpkg.com/rimraf/-/rimraf-3.0.2.tgz#f1a5402ba6220ad52cc1282bac1ae3aa49fd061a"
    integrity sha512-JZkJMZkAGFFPP2YqXZXPbMlMBgsxzE8ILs4lMIX/2o0L9UBw9O/Y3o6wFw/i9YLapcUJWwqbi3kdxIPdC62TIA==
    dependencies:
      glob "^7.1.3"
  
  roarr@^2.15.3:
    version "2.15.4"
    resolved "https://registry.yarnpkg.com/roarr/-/roarr-2.15.4.tgz#f5fe795b7b838ccfe35dc608e0282b9eba2e7afd"
    integrity sha512-CHhPh+UNHD2GTXNYhPWLnU8ONHdI+5DI+4EYIAOaiD63rHeYlZvyh8P+in5999TTSFgUYuKUAjzRI4mdh/p+2A==
    dependencies:
      boolean "^3.0.1"
      detect-node "^2.0.4"
      globalthis "^1.0.1"
      json-stringify-safe "^5.0.1"
      semver-compare "^1.0.0"
      sprintf-js "^1.1.2"
  
  rollup@^3.27.1:
    version "3.29.5"
    resolved "https://registry.yarnpkg.com/rollup/-/rollup-3.29.5.tgz#8a2e477a758b520fb78daf04bca4c522c1da8a54"
    integrity sha512-GVsDdsbJzzy4S/v3dqWPJ7EfvZJfCHiDqe80IyrF59LYuP+e6U1LJoUqeuqRbwAWoMNoXivMNeNAOf5E22VA1w==
    optionalDependencies:
      fsevents "~2.3.2"
  
  run-parallel@^1.1.9:
    version "1.2.0"
    resolved "https://registry.yarnpkg.com/run-parallel/-/run-parallel-1.2.0.tgz#66d1368da7bdf921eb9d95bd1a9229e7f21a43ee"
    integrity sha512-5l4VyZR86LZ/lDxZTR6jqL8AFE2S0IFLMP26AbjsLVADxHdhB/c0GUsH+y39UfCi3dzz8OlQuPmnaJOMoDHQBA==
    dependencies:
      queue-microtask "^1.2.2"
  
  rxjs@^6.6.3:
    version "6.6.7"
    resolved "https://registry.yarnpkg.com/rxjs/-/rxjs-6.6.7.tgz#90ac018acabf491bf65044235d5863c4dab804c9"
    integrity sha512-hTdwr+7yYNIT5n4AMYp85KA6yw2Va0FLa3Rguvbpa4W3I5xynaBZo41cM3XM+4Q6fRMj3sBYIR1VAmZMXYJvRQ==
    dependencies:
      tslib "^1.9.0"
  
  sade@^1.7.4:
    version "1.8.1"
    resolved "https://registry.yarnpkg.com/sade/-/sade-1.8.1.tgz#0a78e81d658d394887be57d2a409bf703a3b2701"
    integrity sha512-xal3CZX1Xlo/k4ApwCFrHVACi9fBqJ7V+mwhBsuf/1IOKbBy098Fex+Wa/5QMubw09pSZ/u8EY8PWgevJsXp1A==
    dependencies:
      mri "^1.1.0"
  
  safe-buffer@^5.0.1, safe-buffer@~5.2.0:
    version "5.2.1"
    resolved "https://registry.yarnpkg.com/safe-buffer/-/safe-buffer-5.2.1.tgz#1eaf9fa9bdb1fdd4ec75f58f9cdb4e6b7827eec6"
    integrity sha512-rp3So07KcdmmKbGvgaNxQSJr7bGVSVk5S9Eq1F+ppbRo70+YeaDxkw5Dd8NPN+GD6bjnYm2VuPuCXmpuYvmCXQ==
  
  safe-buffer@~5.1.0, safe-buffer@~5.1.1:
    version "5.1.2"
    resolved "https://registry.yarnpkg.com/safe-buffer/-/safe-buffer-5.1.2.tgz#991ec69d296e0313747d59bdfd2b745c35f8828d"
    integrity sha512-Gd2UZBJDkXlY7GbJxfsE8/nvKkUEU1G38c1siN6QP6a9PT9MmHB8GnpscSmMJSoF8LOIrt8ud/wPtojys4G6+g==
  
  safe-stable-stringify@^2.3.1:
    version "2.5.0"
    resolved "https://registry.yarnpkg.com/safe-stable-stringify/-/safe-stable-stringify-2.5.0.tgz#4ca2f8e385f2831c432a719b108a3bf7af42a1dd"
    integrity sha512-b3rppTKm9T+PsVCBEOUR46GWI7fdOs00VKZ1+9c1EWDaDMvjQc6tUwuFyIprgGgTcWoVHSKrU8H31ZHA2e0RHA==
  
  sander@^0.5.0:
    version "0.5.1"
    resolved "https://registry.yarnpkg.com/sander/-/sander-0.5.1.tgz#741e245e231f07cafb6fdf0f133adfa216a502ad"
    integrity sha512-3lVqBir7WuKDHGrKRDn/1Ye3kwpXaDOMsiRP1wd6wpZW56gJhsbp5RqQpA6JG/P+pkXizygnr1dKR8vzWaVsfA==
    dependencies:
      es6-promise "^3.1.2"
      graceful-fs "^4.1.3"
      mkdirp "^0.5.1"
      rimraf "^2.5.2"
  
  sass@*:
    version "1.87.0"
    resolved "https://registry.yarnpkg.com/sass/-/sass-1.87.0.tgz#8cceb36fa63fb48a8d5d7f2f4c13b49c524b723e"
    integrity sha512-d0NoFH4v6SjEK7BoX810Jsrhj7IQSYHAHLi/iSpgqKc7LaIDshFRlSg5LOymf9FqQhxEHs2W5ZQXlvy0KD45Uw==
    dependencies:
      chokidar "^4.0.0"
      immutable "^5.0.2"
      source-map-js ">=0.6.2 <2.0.0"
    optionalDependencies:
      "@parcel/watcher" "^2.4.1"
  
  scmp@^2.1.0:
    version "2.1.0"
    resolved "https://registry.yarnpkg.com/scmp/-/scmp-2.1.0.tgz#37b8e197c425bdeb570ab91cc356b311a11f9c9a"
    integrity sha512-o/mRQGk9Rcer/jEEw/yw4mwo3EU/NvYvp577/Btqrym9Qy5/MdWGBqipbALgd2lrdWTJ5/gqDusxfnQBxOxT2Q==
  
  semver-compare@^1.0.0:
    version "1.0.0"
    resolved "https://registry.yarnpkg.com/semver-compare/-/semver-compare-1.0.0.tgz#0dee216a1c941ab37e9efb1788f6afc5ff5537fc"
    integrity sha512-YM3/ITh2MJ5MtzaM429anh+x2jiLVjqILF4m4oyQB18W7Ggea7BfqdH/wGMK7dDiMghv/6WG7znWMwUDzJiXow==
  
  semver@^6.2.0:
    version "6.3.1"
    resolved "https://registry.yarnpkg.com/semver/-/semver-6.3.1.tgz#556d2ef8689146e46dcea4bfdd095f3434dffcb4"
    integrity sha512-BR7VvDCVHO+q2xBEWskxS6DJE1qRnb7DxzUrogb71CWoSficBxYsiAGd+Kl0mmq/MprG9yArRkyrQxTO6XjMzA==
  
  semver@^7.3.2, semver@^7.5.4:
    version "7.7.1"
    resolved "https://registry.yarnpkg.com/semver/-/semver-7.7.1.tgz#abd5098d82b18c6c81f6074ff2647fd3e7220c9f"
    integrity sha512-hlq8tAfn0m/61p4BVRcPzIGr6LKiMwo4VM6dGi6pt4qcRkmNzTcWq6eCEjEh+qXjkMDvPlOFFSGwQjoEa6gyMA==
  
  serialize-error@^7.0.1:
    version "7.0.1"
    resolved "https://registry.yarnpkg.com/serialize-error/-/serialize-error-7.0.1.tgz#f1360b0447f61ffb483ec4157c737fab7d778e18"
    integrity sha512-8I8TjW5KMOKsZQTvoxjuSIa7foAwPWGOts+6o7sgjz41/qMD9VQHEDxi6PBvK2l0MXUmqZyNpUK+T2tQaaElvw==
    dependencies:
      type-fest "^0.13.1"
  
  side-channel-list@^1.0.0:
    version "1.0.0"
    resolved "https://registry.yarnpkg.com/side-channel-list/-/side-channel-list-1.0.0.tgz#10cb5984263115d3b7a0e336591e290a830af8ad"
    integrity sha512-FCLHtRD/gnpCiCHEiJLOwdmFP+wzCmDEkc9y7NsYxeF4u7Btsn1ZuwgwJGxImImHicJArLP4R0yX4c2KCrMrTA==
    dependencies:
      es-errors "^1.3.0"
      object-inspect "^1.13.3"
  
  side-channel-map@^1.0.1:
    version "1.0.1"
    resolved "https://registry.yarnpkg.com/side-channel-map/-/side-channel-map-1.0.1.tgz#d6bb6b37902c6fef5174e5f533fab4c732a26f42"
    integrity sha512-VCjCNfgMsby3tTdo02nbjtM/ewra6jPHmpThenkTYh8pG9ucZ/1P8So4u4FGBek/BjpOVsDCMoLA/iuBKIFXRA==
    dependencies:
      call-bound "^1.0.2"
      es-errors "^1.3.0"
      get-intrinsic "^1.2.5"
      object-inspect "^1.13.3"
  
  side-channel-weakmap@^1.0.2:
    version "1.0.2"
    resolved "https://registry.yarnpkg.com/side-channel-weakmap/-/side-channel-weakmap-1.0.2.tgz#11dda19d5368e40ce9ec2bdc1fb0ecbc0790ecea"
    integrity sha512-WPS/HvHQTYnHisLo9McqBHOJk2FkHO/tlpvldyrnem4aeQp4hai3gythswg6p01oSoTl58rcpiFAjF2br2Ak2A==
    dependencies:
      call-bound "^1.0.2"
      es-errors "^1.3.0"
      get-intrinsic "^1.2.5"
      object-inspect "^1.13.3"
      side-channel-map "^1.0.1"
  
  side-channel@^1.1.0:
    version "1.1.0"
    resolved "https://registry.yarnpkg.com/side-channel/-/side-channel-1.1.0.tgz#c3fcff9c4da932784873335ec9765fa94ff66bc9"
    integrity sha512-ZX99e6tRweoUXqR+VBrslhda51Nh5MTQwou5tnUDgbtyM0dBgmhEDtWGP/xbKn6hqfPRHujUNwz5fy/wbbhnpw==
    dependencies:
      es-errors "^1.3.0"
      object-inspect "^1.13.3"
      side-channel-list "^1.0.0"
      side-channel-map "^1.0.1"
      side-channel-weakmap "^1.0.2"
  
  siginfo@^2.0.0:
    version "2.0.0"
    resolved "https://registry.yarnpkg.com/siginfo/-/siginfo-2.0.0.tgz#32e76c70b79724e3bb567cb9d543eb858ccfaf30"
    integrity sha512-ybx0WO1/8bSBLEWXZvEd7gMW3Sn3JFlW3TvX1nREbDLRNQNaeNN8WK0meBwPdAaOI7TtRRRJn/Es1zhrrCHu7g==
  
  signal-polyfill@^0.1.0, signal-polyfill@^0.1.1:
    version "0.1.2"
    resolved "https://registry.yarnpkg.com/signal-polyfill/-/signal-polyfill-0.1.2.tgz#a4725b8f761278f9c666f2ce13cc9cde3ccb046d"
    integrity sha512-HT9d+L9NMiTzMxb/tU2Baym6129ROyRETSjvchvSkQa7wN0+SrG/IUlsaBLqKn2c+4mlze6CgQBEvgBjxOpiaQ==
  
  simple-swizzle@^0.2.2:
    version "0.2.2"
    resolved "https://registry.yarnpkg.com/simple-swizzle/-/simple-swizzle-0.2.2.tgz#a4da6b635ffcccca33f70d17cb92592de95e557a"
    integrity sha512-JA//kQgZtbuY83m+xT+tXJkmJncGMTFT+C+g2h2R9uxkYIrE2yy9sgmcLhCnw57/WSD+Eh3J97FPEDFnbXnDUg==
    dependencies:
      is-arrayish "^0.3.1"
  
  slice-ansi@^3.0.0:
    version "3.0.0"
    resolved "https://registry.yarnpkg.com/slice-ansi/-/slice-ansi-3.0.0.tgz#31ddc10930a1b7e0b67b08c96c2f49b77a789787"
    integrity sha512-pSyv7bSTC7ig9Dcgbw9AuRNUb5k5V6oDudjZoMBSr13qpLBG7tB+zgCkARjq7xIUgdz5P1Qe8u+rSGdouOOIyQ==
    dependencies:
      ansi-styles "^4.0.0"
      astral-regex "^2.0.0"
      is-fullwidth-code-point "^3.0.0"
  
  slice-ansi@^5.0.0:
    version "5.0.0"
    resolved "https://registry.yarnpkg.com/slice-ansi/-/slice-ansi-5.0.0.tgz#b73063c57aa96f9cd881654b15294d95d285c42a"
    integrity sha512-FC+lgizVPfie0kkhqUScwRu1O/lF6NOgJmlCgK+/LYxDCTk8sGelYaHDhFcDN+Sn3Cv+3VSa4Byeo+IMCzpMgQ==
    dependencies:
      ansi-styles "^6.0.0"
      is-fullwidth-code-point "^4.0.0"
  
  sorcery@^0.10.0:
    version "0.10.0"
    resolved "https://registry.yarnpkg.com/sorcery/-/sorcery-0.10.0.tgz#8ae90ad7d7cb05fc59f1ab0c637845d5c15a52b7"
    integrity sha512-R5ocFmKZQFfSTstfOtHjJuAwbpGyf9qjQa1egyhvXSbM7emjrtLXtGdZsDJDABC85YBfVvrOiGWKSYXPKdvP1g==
    dependencies:
      buffer-crc32 "^0.2.5"
      minimist "^1.2.0"
      sander "^0.5.0"
      sourcemap-codec "^1.3.0"
  
  sort-keys-length@^1.0.0:
    version "1.0.1"
    resolved "https://registry.yarnpkg.com/sort-keys-length/-/sort-keys-length-1.0.1.tgz#9cb6f4f4e9e48155a6aa0671edd336ff1479a188"
    integrity sha512-GRbEOUqCxemTAk/b32F2xa8wDTs+Z1QHOkbhJDQTvv/6G3ZkbJ+frYWsTcc7cBB3Fu4wy4XlLCuNtJuMn7Gsvw==
    dependencies:
      sort-keys "^1.0.0"
  
  sort-keys@^1.0.0:
    version "1.1.2"
    resolved "https://registry.yarnpkg.com/sort-keys/-/sort-keys-1.1.2.tgz#441b6d4d346798f1b4e49e8920adfba0e543f9ad"
    integrity sha512-vzn8aSqKgytVik0iwdBEi+zevbTYZogewTUM6dtpmGwEcdzbub/TX4bCzRhebDCRC3QzXgJsLRKB2V/Oof7HXg==
    dependencies:
      is-plain-obj "^1.0.0"
  
  sort-keys@^5.0.0:
    version "5.1.0"
    resolved "https://registry.yarnpkg.com/sort-keys/-/sort-keys-5.1.0.tgz#50a3f3d1ad3c5a76d043e0aeeba7299241e9aa5c"
    integrity sha512-aSbHV0DaBcr7u0PVHXzM6NbZNAtrr9sF6+Qfs9UUVG7Ll3jQ6hHi8F/xqIIcn2rvIVbr0v/2zyjSdwSV47AgLQ==
    dependencies:
      is-plain-obj "^4.0.0"
  
  "source-map-js@>=0.6.2 <2.0.0", source-map-js@^1.2.1:
    version "1.2.1"
    resolved "https://registry.yarnpkg.com/source-map-js/-/source-map-js-1.2.1.tgz#1ce5650fddd87abc099eda37dcff024c2667ae46"
    integrity sha512-UXWMKhLOwVKb728IUtQPXxfYU+usdybtUrK/8uGE8CQMvrhOpwvzDBwj0QhSL7MQc7vIsISBG8VQ8+IDQxpfQA==
  
  source-map-support@^0.5.21:
    version "0.5.21"
    resolved "https://registry.yarnpkg.com/source-map-support/-/source-map-support-0.5.21.tgz#04fe7c7f9e1ed2d662233c28cb2b35b9f63f6e4f"
    integrity sha512-uBHU3L3czsIyYXKX88fdrGovxdSCoTGDRZ6SYXtSRxLZUzHg5P/66Ht6uoUlHu9EZod+inXhKo3qQgwXUT/y1w==
    dependencies:
      buffer-from "^1.0.0"
      source-map "^0.6.0"
  
  source-map@^0.6.0, source-map@^0.6.1:
    version "0.6.1"
    resolved "https://registry.yarnpkg.com/source-map/-/source-map-0.6.1.tgz#74722af32e9614e9c287a8d0bbde48b5e2f1a263"
    integrity sha512-UjgapumWlbMhkBgzT7Ykc5YXUT46F0iKu8SGXq0bcwP5dz/h0Plj6enJqjz1Zbq2l5WaqYnrVbwWOWMyF3F47g==
  
  sourcemap-codec@^1.3.0, sourcemap-codec@^1.4.8:
    version "1.4.8"
    resolved "https://registry.yarnpkg.com/sourcemap-codec/-/sourcemap-codec-1.4.8.tgz#ea804bd94857402e6992d05a38ef1ae35a9ab4c4"
    integrity sha512-9NykojV5Uih4lgo5So5dtw+f0JgJX30KCNI8gwhz2J9A15wD0Ml6tjHKwf6fTSa6fAdVBdZeNOs9eJ71qCk8vA==
  
  spawn-command@^0.0.2-1:
    version "0.0.2"
    resolved "https://registry.yarnpkg.com/spawn-command/-/spawn-command-0.0.2.tgz#9544e1a43ca045f8531aac1a48cb29bdae62338e"
    integrity sha512-zC8zGoGkmc8J9ndvml8Xksr1Amk9qBujgbF0JAIWO7kXr43w0h/0GJNM/Vustixu+YE8N/MTrQ7N31FvHUACxQ==
  
  split@1.0.1:
    version "1.0.1"
    resolved "https://registry.yarnpkg.com/split/-/split-1.0.1.tgz#605bd9be303aa59fb35f9229fbea0ddec9ea07d9"
    integrity sha512-mTyOoPbrivtXnwnIxZRFYRrPNtEFKlpB2fvjSnCQUiAA6qAZzqwna5envK4uk6OIeP17CsdF3rSBGYVBsU0Tkg==
    dependencies:
      through "2"
  
  sprintf-js@^1.1.2:
    version "1.1.3"
    resolved "https://registry.yarnpkg.com/sprintf-js/-/sprintf-js-1.1.3.tgz#4914b903a2f8b685d17fdf78a70e917e872e444a"
    integrity sha512-Oo+0REFV59/rz3gfJNKQiBlwfHaSESl1pcGyABQsnnIfWOFt6JNj5gCog2U6MLZ//IGYD+nA8nI+mTShREReaA==
  
  stack-trace@0.0.x:
    version "0.0.10"
    resolved "https://registry.yarnpkg.com/stack-trace/-/stack-trace-0.0.10.tgz#547c70b347e8d32b4e108ea1a2a159e5fdde19c0"
    integrity sha512-KGzahc7puUKkzyMt+IqAep+TVNbKP+k2Lmwhub39m1AsTSkaDutx56aDCo+HLDzf/D26BIHTJWNiTG1KAJiQCg==
  
  stackback@0.0.2:
    version "0.0.2"
    resolved "https://registry.yarnpkg.com/stackback/-/stackback-0.0.2.tgz#1ac8a0d9483848d1695e418b6d031a3c3ce68e3b"
    integrity sha512-1XMJE5fQo1jGH6Y/7ebnwPOBEkIEnT4QF32d5R1+VXdXveM0IBMJt8zfaxX1P3QhVwrYe+576+jkANtSS2mBbw==
  
  std-env@^3.3.1:
    version "3.9.0"
    resolved "https://registry.yarnpkg.com/std-env/-/std-env-3.9.0.tgz#1a6f7243b339dca4c9fd55e1c7504c77ef23e8f1"
    integrity sha512-UGvjygr6F6tpH7o2qyqR6QYpwraIjKSdtzyBdyytFOHmPZY917kwdwLG0RbOjWOnKmnm3PeHjaoLLMie7kPLQw==
  
  string-width@^4.1.0, string-width@^4.2.0:
    version "4.2.3"
    resolved "https://registry.yarnpkg.com/string-width/-/string-width-4.2.3.tgz#269c7117d27b05ad2e536830a8ec895ef9c6d010"
    integrity sha512-wKyQRQpjJ0sIp62ErSZdGsjMJWsap5oRNihHhu6G7JVO/9jIB6UyevL+tXuOqrng8j/cxKTWyWUwvSTriiZz/g==
    dependencies:
      emoji-regex "^8.0.0"
      is-fullwidth-code-point "^3.0.0"
      strip-ansi "^6.0.1"
  
  string-width@^5.0.0:
    version "5.1.2"
    resolved "https://registry.yarnpkg.com/string-width/-/string-width-5.1.2.tgz#14f8daec6d81e7221d2a357e668cab73bdbca794"
    integrity sha512-HnLOCR3vjcY8beoNLtcjZ5/nxn2afmME6lhrDrebokqMap+XbeW8n9TXpPDOqdGK5qcI3oT0GKTW6wC7EMiVqA==
    dependencies:
      eastasianwidth "^0.2.0"
      emoji-regex "^9.2.2"
      strip-ansi "^7.0.1"
  
  string_decoder@^1.1.1:
    version "1.3.0"
    resolved "https://registry.yarnpkg.com/string_decoder/-/string_decoder-1.3.0.tgz#42f114594a46cf1a8e30b0a84f56c78c3edac21e"
    integrity sha512-hkRX8U1WjJFd8LsDJ2yQ/wWWxaopEsABU1XfkM8A+j0+85JAGppt16cr1Whg6KIbb4okU6Mql6BOj+uup/wKeA==
    dependencies:
      safe-buffer "~5.2.0"
  
  string_decoder@~1.1.1:
    version "1.1.1"
    resolved "https://registry.yarnpkg.com/string_decoder/-/string_decoder-1.1.1.tgz#9cf1611ba62685d7030ae9e4ba34149c3af03fc8"
    integrity sha512-n/ShnvDi6FHbbVfviro+WojiFzv+s8MPMHBczVePfUpDJLwoLT0ht1l4YwBCbi8pJAveEEdnkHyPyTP/mzRfwg==
    dependencies:
      safe-buffer "~5.1.0"
  
  strip-ansi@^6.0.0, strip-ansi@^6.0.1:
    version "6.0.1"
    resolved "https://registry.yarnpkg.com/strip-ansi/-/strip-ansi-6.0.1.tgz#9e26c63d30f53443e9489495b2105d37b67a85d9"
    integrity sha512-Y38VPSHcqkFrCpFnQ9vuSXmquuv5oXOKpGeT6aGrr3o3Gc9AlVa6JBfUSOCnbxGGZF+/0ooI7KrPuUSztUdU5A==
    dependencies:
      ansi-regex "^5.0.1"
  
  strip-ansi@^7.0.1:
    version "7.1.0"
    resolved "https://registry.yarnpkg.com/strip-ansi/-/strip-ansi-7.1.0.tgz#d5b6568ca689d8561370b0707685d22434faff45"
    integrity sha512-iq6eVVI64nQQTRYq2KtEg2d2uU7LElhTJwsH4YzIHZshxlgZms/wIc4VoDQTlG/IvVIrBKG06CrZnp0qv7hkcQ==
    dependencies:
      ansi-regex "^6.0.1"
  
  strip-indent@^3.0.0:
    version "3.0.0"
    resolved "https://registry.yarnpkg.com/strip-indent/-/strip-indent-3.0.0.tgz#c32e1cee940b6b3432c771bc2c54bcce73cd3001"
    integrity sha512-laJTa3Jb+VQpaC6DseHhF7dXVqHTfJPCRDaEbid/drOhgitgYku/letMUqOXFoWV0zIIUbjpdH2t+tYj4bQMRQ==
    dependencies:
      min-indent "^1.0.0"
  
  strip-literal@^1.0.0:
    version "1.3.0"
    resolved "https://registry.yarnpkg.com/strip-literal/-/strip-literal-1.3.0.tgz#db3942c2ec1699e6836ad230090b84bb458e3a07"
    integrity sha512-PugKzOsyXpArk0yWmUwqOZecSO0GH0bPoctLcqNDH9J04pVW3lflYE0ujElBGTloevcxF5MofAOZ7C5l2b+wLg==
    dependencies:
      acorn "^8.10.0"
  
  sumchecker@^3.0.1:
    version "3.0.1"
    resolved "https://registry.yarnpkg.com/sumchecker/-/sumchecker-3.0.1.tgz#6377e996795abb0b6d348e9b3e1dfb24345a8e42"
    integrity sha512-MvjXzkz/BOfyVDkG0oFOtBxHX2u3gKbMHIF/dXblZsgD3BWOFLmHovIpZY7BykJdAjcqRCBi1WYBNdEC9yI7vg==
    dependencies:
      debug "^4.1.0"
  
  supports-color@^7.1.0:
    version "7.2.0"
    resolved "https://registry.yarnpkg.com/supports-color/-/supports-color-7.2.0.tgz#1b7dcdcb32b8138801b3e478ba6a51caa89648da"
    integrity sha512-qpCAvRl9stuOHveKsn7HncJRvv501qIacKzQlO/+Lwxc9+0q2wLyv4Dfvt80/DPn2pqOBsJdDiogXGR9+OvwRw==
    dependencies:
      has-flag "^4.0.0"
  
  supports-color@^8.1.0:
    version "8.1.1"
    resolved "https://registry.yarnpkg.com/supports-color/-/supports-color-8.1.1.tgz#cd6fc17e28500cff56c1b86c0a7fd4a54a73005c"
    integrity sha512-MpUEN2OodtUzxvKQl72cUF7RQ5EiHsGvSsVG0ia9c5RbWGL2CI4C7EpPS8UTBIplnlzZiNuV56w+FuNxy3ty2Q==
    dependencies:
      has-flag "^4.0.0"
  
  svelte-check@^2.10.3:
    version "2.10.3"
    resolved "https://registry.yarnpkg.com/svelte-check/-/svelte-check-2.10.3.tgz#c16426c47630e024bf3cd5fab9b8c4f1702db34a"
    integrity sha512-Nt1aWHTOKFReBpmJ1vPug0aGysqPwJh2seM1OvICfM2oeyaA62mOiy5EvkXhltGfhCcIQcq2LoE0l1CwcWPjlw==
    dependencies:
      "@jridgewell/trace-mapping" "^0.3.9"
      chokidar "^3.4.1"
      fast-glob "^3.2.7"
      import-fresh "^3.2.1"
      picocolors "^1.0.0"
      sade "^1.7.4"
      svelte-preprocess "^4.0.0"
      typescript "*"
  
  svelte-hmr@^0.15.3:
    version "0.15.3"
    resolved "https://registry.yarnpkg.com/svelte-hmr/-/svelte-hmr-0.15.3.tgz#df54ccde9be3f091bf5f18fc4ef7b8eb6405fbe6"
    integrity sha512-41snaPswvSf8TJUhlkoJBekRrABDXDMdpNpT2tfHIv4JuhgvHqLMhEPGtaQn0BmbNSTkuz2Ed20DF2eHw0SmBQ==
  
  svelte-icons@^2.1.0:
    version "2.1.0"
    resolved "https://registry.yarnpkg.com/svelte-icons/-/svelte-icons-2.1.0.tgz#6f2ec72f1d5c8b2de1a4b8a822c95bcb2f701aca"
    integrity sha512-rHPQjweEc9fGSnvM0/4gA3pDHwyZyYsC5KhttCZRhSMJfLttJST5Uq0B16Czhw+HQ+HbSOk8kLigMlPs7gZtfg==
  
  svelte-preprocess@^4.0.0:
    version "4.10.7"
    resolved "https://registry.yarnpkg.com/svelte-preprocess/-/svelte-preprocess-4.10.7.tgz#3626de472f51ffe20c9bc71eff5a3da66797c362"
    integrity sha512-sNPBnqYD6FnmdBrUmBCaqS00RyCsCpj2BG58A1JBswNF7b0OKviwxqVrOL/CKyJrLSClrSeqQv5BXNg2RUbPOw==
    dependencies:
      "@types/pug" "^2.0.4"
      "@types/sass" "^1.16.0"
      detect-indent "^6.0.0"
      magic-string "^0.25.7"
      sorcery "^0.10.0"
      strip-indent "^3.0.0"
  
  svelte@^3.55.1:
    version "3.59.2"
    resolved "https://registry.yarnpkg.com/svelte/-/svelte-3.59.2.tgz#a137b28e025a181292b2ae2e3dca90bf8ec73aec"
    integrity sha512-vzSyuGr3eEoAtT/A6bmajosJZIUWySzY2CzB3w2pgPvnkUjGqlDnsNnA0PMO+mMAhuyMul6C2uuZzY6ELSkzyA==
  
  tar-stream@^2.2.0:
    version "2.2.0"
    resolved "https://registry.yarnpkg.com/tar-stream/-/tar-stream-2.2.0.tgz#acad84c284136b060dc3faa64474aa9aebd77287"
    integrity sha512-ujeqbceABgwMZxEJnk2HDY2DlnUZ+9oEcb1KzTVfYHio0UE6dG71n60d8D2I4qNvleWrrXpmjpt7vZeF1LnMZQ==
    dependencies:
      bl "^4.0.3"
      end-of-stream "^1.4.1"
      fs-constants "^1.0.0"
      inherits "^2.0.3"
      readable-stream "^3.1.1"
  
  text-hex@1.0.x:
    version "1.0.0"
    resolved "https://registry.yarnpkg.com/text-hex/-/text-hex-1.0.0.tgz#69dc9c1b17446ee79a92bf5b884bb4b9127506f5"
    integrity sha512-uuVGNWzgJ4yhRaNSiubPY7OjISw4sw4E5Uv0wbjp+OzcbmVU/rsT8ujgcXJhn9ypzsgr5vlzpPqP+MBBKcGvbg==
  
  through@2:
    version "2.3.8"
    resolved "https://registry.yarnpkg.com/through/-/through-2.3.8.tgz#0dd4c9ffaabc357960b1b724115d7e0e86a2e1f5"
    integrity sha512-w89qg7PI8wAdvX60bMDP+bFoD5Dvhm9oLheFp5O4a2QF0cSBGsBX4qZmadPMvVqlLJBBci+WqGGOAPvcDeNSVg==
  
  tinybench@^2.3.1:
    version "2.9.0"
    resolved "https://registry.yarnpkg.com/tinybench/-/tinybench-2.9.0.tgz#103c9f8ba6d7237a47ab6dd1dcff77251863426b"
    integrity sha512-0+DUvqWMValLmha6lr4kD8iAMK1HzV0/aKnCtWb9v9641TnP/MFb7Pc2bxoxQjTXAErryXVgUOfv2YqNllqGeg==
  
  tinypool@^0.3.1:
    version "0.3.1"
    resolved "https://registry.yarnpkg.com/tinypool/-/tinypool-0.3.1.tgz#a99c2e446aba9be05d3e1cb756d6aed7af4723b6"
    integrity sha512-zLA1ZXlstbU2rlpA4CIeVaqvWq41MTWqLY3FfsAXgC8+f7Pk7zroaJQxDgxn1xNudKW6Kmj4808rPFShUlIRmQ==
  
  tinyspy@^1.0.2:
    version "1.1.1"
    resolved "https://registry.yarnpkg.com/tinyspy/-/tinyspy-1.1.1.tgz#0cb91d5157892af38cb2d217f5c7e8507a5bf092"
    integrity sha512-UVq5AXt/gQlti7oxoIg5oi/9r0WpF7DGEVwXgqWSMmyN16+e3tl5lIvTaOpJ3TAtu5xFzWccFRM4R5NaWHF+4g==
  
  to-regex-range@^5.0.1:
    version "5.0.1"
    resolved "https://registry.yarnpkg.com/to-regex-range/-/to-regex-range-5.0.1.tgz#1648c44aae7c8d988a326018ed72f5b4dd0392e4"
    integrity sha512-65P7iz6X5yEr1cwcgvQxbbIw7Uk3gOy5dIdtZ4rDveLqhrdJP+Li/Hx6tyK0NEb+2GCyneCMJiGqrADCSNk8sQ==
    dependencies:
      is-number "^7.0.0"
  
  tree-kill@^1.2.2:
    version "1.2.2"
    resolved "https://registry.yarnpkg.com/tree-kill/-/tree-kill-1.2.2.tgz#4ca09a9092c88b73a7cdc5e8a01b507b0790a0cc"
    integrity sha512-L0Orpi8qGpRG//Nd+H90vFB+3iHnue1zSSGmNOOCh1GLJ7rUKVwV2HvijphGQS2UmhUZewS9VgvxYIdgr+fG1A==
  
  triple-beam@^1.3.0:
    version "1.4.1"
    resolved "https://registry.yarnpkg.com/triple-beam/-/triple-beam-1.4.1.tgz#6fde70271dc6e5d73ca0c3b24e2d92afb7441984"
    integrity sha512-aZbgViZrg1QNcG+LULa7nhZpJTZSLm/mXnHXnbAbjmN5aSa0y7V+wvv6+4WaBtpISJzThKy+PIPxc1Nq1EJ9mg==
  
  ts-node@^10.9.1:
    version "10.9.2"
    resolved "https://registry.yarnpkg.com/ts-node/-/ts-node-10.9.2.tgz#70f021c9e185bccdca820e26dc413805c101c71f"
    integrity sha512-f0FFpIdcHgn8zcPSbf1dRevwt047YMnaiJM3u2w2RewrB+fob/zePZcrOyQoLMMO7aBIddLcQIEK5dYjkLnGrQ==
    dependencies:
      "@cspotcode/source-map-support" "^0.8.0"
      "@tsconfig/node10" "^1.0.7"
      "@tsconfig/node12" "^1.0.7"
      "@tsconfig/node14" "^1.0.0"
      "@tsconfig/node16" "^1.0.2"
      acorn "^8.4.1"
      acorn-walk "^8.1.1"
      arg "^4.1.0"
      create-require "^1.1.0"
      diff "^4.0.1"
      make-error "^1.1.1"
      v8-compile-cache-lib "^3.0.1"
      yn "3.1.1"
  
  tslib@^1.9.0:
    version "1.14.1"
    resolved "https://registry.yarnpkg.com/tslib/-/tslib-1.14.1.tgz#cf2d38bdc34a134bcaf1091c41f6619e2f672d00"
    integrity sha512-Xni35NKzjgMrwevysHTCArtLDpPvye8zV/0E4EyYn43P7/7qvQwPh9BGkHewbMulVntbigmcT7rdX3BNo9wRJg==
  
  tslib@^2.1.0, tslib@^2.4.0, tslib@^2.4.1, tslib@^2.6.3:
    version "2.8.1"
    resolved "https://registry.yarnpkg.com/tslib/-/tslib-2.8.1.tgz#612efe4ed235d567e8aba5f2a5fab70280ade83f"
    integrity sha512-oJFu94HQb+KVduSUQL7wnpmqnfmLsOA/nAh6b6EH0wCEoK0/mPeXU6c3wKDV83MkOuHPRHtSXKKU99IBazS/2w==
  
  tweetnacl@^1.0.3:
    version "1.0.3"
    resolved "https://registry.yarnpkg.com/tweetnacl/-/tweetnacl-1.0.3.tgz#ac0af71680458d8a6378d0d0d050ab1407d35596"
    integrity sha512-6rt+RN7aOi1nGMyC4Xa5DdYiukl2UWCbcJft7YhxReBGQD7OAM8Pbxw6YMo4r2diNEA8FEmu32YOn9rhaiE5yw==
  
  twilio@^4.10.0:
    version "4.23.0"
    resolved "https://registry.yarnpkg.com/twilio/-/twilio-4.23.0.tgz#46b69c231fc7aa9488a7bde09b8659da8c459a56"
    integrity sha512-LdNBQfOe0dY2oJH2sAsrxazpgfFQo5yXGxe96QA8UWB5uu+433PrUbkv8gQ5RmrRCqUTPQ0aOrIyAdBr1aB03Q==
    dependencies:
      axios "^1.6.0"
      dayjs "^1.11.9"
      https-proxy-agent "^5.0.0"
      jsonwebtoken "^9.0.0"
      qs "^6.9.4"
      scmp "^2.1.0"
      url-parse "^1.5.9"
      xmlbuilder "^13.0.2"
  
  type-detect@^4.0.0, type-detect@^4.1.0:
    version "4.1.0"
    resolved "https://registry.yarnpkg.com/type-detect/-/type-detect-4.1.0.tgz#deb2453e8f08dcae7ae98c626b13dddb0155906c"
    integrity sha512-Acylog8/luQ8L7il+geoSxhEkazvkslg7PSNKOX59mbB9cOveP5aq9h74Y7YU8yDpJwetzQQrfIwtf4Wp4LKcw==
  
  type-fest@^0.13.1:
    version "0.13.1"
    resolved "https://registry.yarnpkg.com/type-fest/-/type-fest-0.13.1.tgz#0172cb5bce80b0bd542ea348db50c7e21834d934"
    integrity sha512-34R7HTnG0XIJcBSn5XhDd7nNFPRcXYRZrBB2O2jdKqYODldSzBAqzsWoZYYvduky73toYS/ESqxPvkDf/F0XMg==
  
  typescript@*, typescript@^5.3.3:
    version "5.8.3"
    resolved "https://registry.yarnpkg.com/typescript/-/typescript-5.8.3.tgz#92f8a3e5e3cf497356f4178c34cd65a7f5e8440e"
    integrity sha512-p1diW6TqL9L07nNxvRMM7hMMw4c5XOo/1ibL4aAIGmSAt9slTE1Xgw5KWuof2uTOvCg9BY7ZRi+GaF+7sfgPeQ==
  
  typescript@^4.9.3, typescript@^4.9.4:
    version "4.9.5"
    resolved "https://registry.yarnpkg.com/typescript/-/typescript-4.9.5.tgz#095979f9bcc0d09da324d58d03ce8f8374cbe65a"
    integrity sha512-1FXk9E2Hm+QzZQ7z+McJiHL4NW1F2EzMu9Nq9i3zAaGqibafqYwCVU6WyWAuyQRRzOlxou8xZSyXLEN8oKj24g==
  
  ufo@^1.5.4:
    version "1.6.1"
    resolved "https://registry.yarnpkg.com/ufo/-/ufo-1.6.1.tgz#ac2db1d54614d1b22c1d603e3aef44a85d8f146b"
    integrity sha512-9a4/uxlTWJ4+a5i0ooc1rU7C7YOw3wT+UGqdeNNHWnOF9qcMBgLRS+4IYUqbczewFx4mLEig6gawh7X6mFlEkA==
  
  undici-types@~6.19.2:
    version "6.19.8"
    resolved "https://registry.yarnpkg.com/undici-types/-/undici-types-6.19.8.tgz#35111c9d1437ab83a7cdc0abae2f26d88eda0a02"
    integrity sha512-ve2KP6f/JnbPBFyobGHuerC9g1FYGn/F8n1LWTwNxCEzd6IfqTwUQcNXgEtmmQ6DlRrC1hrSrBnCZPokRrDHjw==
  
  undici-types@~6.21.0:
    version "6.21.0"
    resolved "https://registry.yarnpkg.com/undici-types/-/undici-types-6.21.0.tgz#691d00af3909be93a7faa13be61b3a5b50ef12cb"
    integrity sha512-iwDZqg0QAGrg9Rav5H4n0M64c3mkR59cJ6wQp+7C4nI0gsmExaedaYLNO44eT4AtBBwjbTiGPMlt2Md0T9H9JQ==
  
  universalify@^0.1.0:
    version "0.1.2"
    resolved "https://registry.yarnpkg.com/universalify/-/universalify-0.1.2.tgz#b646f69be3942dabcecc9d6639c80dc105efaa66"
    integrity sha512-rBJeI5CXAlmy1pV+617WB9J63U6XcazHHF2f2dbJix4XzpUF0RS3Zbj0FGIOCAva5P/d/GBOYaACQ1w+0azUkg==
  
  universalify@^2.0.0:
    version "2.0.1"
    resolved "https://registry.yarnpkg.com/universalify/-/universalify-2.0.1.tgz#168efc2180964e6386d061e094df61afe239b18d"
    integrity sha512-gptHNQghINnc/vTGIk0SOFGFNXw7JVrlRUtConJRlvaw6DuX0wO5Jeko9sWrMBhh+PsYAZ7oXAiOnf/UKogyiw==
  
  unused-filename@^2.1.0:
    version "2.1.0"
    resolved "https://registry.yarnpkg.com/unused-filename/-/unused-filename-2.1.0.tgz#33719c4e8d9644f32d2dec1bc8525c6aaeb4ba51"
    integrity sha512-BMiNwJbuWmqCpAM1FqxCTD7lXF97AvfQC8Kr/DIeA6VtvhJaMDupZ82+inbjl5yVP44PcxOuCSxye1QMS0wZyg==
    dependencies:
      modify-filename "^1.1.0"
      path-exists "^4.0.0"
  
  url-parse@^1.5.9:
    version "1.5.10"
    resolved "https://registry.yarnpkg.com/url-parse/-/url-parse-1.5.10.tgz#9d3c2f736c1d75dd3bd2be507dcc111f1e2ea9c1"
    integrity sha512-WypcfiRhfeUP9vvF0j6rw0J3hrWrw6iZv3+22h6iRMJ/8z1Tj6XfLP4DsUix5MhMPnXpiHDoKyoZ/bdCkwBCiQ==
    dependencies:
      querystringify "^2.1.1"
      requires-port "^1.0.0"
  
  util-deprecate@^1.0.1, util-deprecate@~1.0.1:
    version "1.0.2"
    resolved "https://registry.yarnpkg.com/util-deprecate/-/util-deprecate-1.0.2.tgz#450d4dc9fa70de732762fbd2d4a28981419a0ccf"
    integrity sha512-EPD5q1uXyFxJpCrLnCc1nHnq3gOa6DZBocAIiI2TaSCA7VCJ1UJDMagCzIkXNsUYfD1daK//LTEQ8xiIbrHtcw==
  
  uuid@^8.3.2:
    version "8.3.2"
    resolved "https://registry.yarnpkg.com/uuid/-/uuid-8.3.2.tgz#80d5b5ced271bb9af6c445f21a1a04c606cefbe2"
    integrity sha512-+NYs2QeMWy+GWFOEm9xnn6HCDp0l7QBD7ml8zLUmJ+93Q5NF0NocErnwkTkXVFNiX3/fpC6afS8Dhb/gz7R7eg==
  
  v8-compile-cache-lib@^3.0.1:
    version "3.0.1"
    resolved "https://registry.yarnpkg.com/v8-compile-cache-lib/-/v8-compile-cache-lib-3.0.1.tgz#6336e8d71965cb3d35a1bbb7868445a7c05264bf"
    integrity sha512-wa7YjyUGfNZngI/vtK0UHAN+lgDCxBPCylVXGp0zu59Fz5aiGtNXaq3DhIov063MorB+VfufLh3JlF2KdTK3xg==
  
  vite-node@0.28.5:
    version "0.28.5"
    resolved "https://registry.yarnpkg.com/vite-node/-/vite-node-0.28.5.tgz#56d0f78846ea40fddf2e28390899df52a4738006"
    integrity sha512-LmXb9saMGlrMZbXTvOveJKwMTBTNUH66c8rJnQ0ZPNX+myPEol64+szRzXtV5ORb0Hb/91yq+/D3oERoyAt6LA==
    dependencies:
      cac "^6.7.14"
      debug "^4.3.4"
      mlly "^1.1.0"
      pathe "^1.1.0"
      picocolors "^1.0.0"
      source-map "^0.6.1"
      source-map-support "^0.5.21"
      vite "^3.0.0 || ^4.0.0"
  
  vite-plugin-static-copy@0.17.1:
    version "0.17.1"
    resolved "https://registry.yarnpkg.com/vite-plugin-static-copy/-/vite-plugin-static-copy-0.17.1.tgz#0de35c4a4c760d5f344b5559d0a8d7d417a52093"
    integrity sha512-9h3iaVs0bqnqZOM5YHJXGHqdC5VAVlTZ2ARYsuNpzhEJUHmFqXY7dAK4ZFpjEQ4WLFKcaN8yWbczr81n01U4sQ==
    dependencies:
      chokidar "^3.5.3"
      fast-glob "^3.2.11"
      fs-extra "^11.1.0"
      picocolors "^1.0.0"
  
  "vite@^3.0.0 || ^4.0.0", vite@^4.0.4:
    version "4.5.14"
    resolved "https://registry.yarnpkg.com/vite/-/vite-4.5.14.tgz#2e652bc1d898265d987d6543ce866ecd65fa4086"
    integrity sha512-+v57oAaoYNnO3hIu5Z/tJRZjq5aHM2zDve9YZ8HngVHbhk66RStobhb1sqPMIPEleV6cNKYK4eGrAbE9Ulbl2g==
    dependencies:
      esbuild "^0.18.10"
      postcss "^8.4.27"
      rollup "^3.27.1"
    optionalDependencies:
      fsevents "~2.3.2"
  
  vitefu@^0.2.4:
    version "0.2.5"
    resolved "https://registry.yarnpkg.com/vitefu/-/vitefu-0.2.5.tgz#c1b93c377fbdd3e5ddd69840ea3aa70b40d90969"
    integrity sha512-SgHtMLoqaeeGnd2evZ849ZbACbnwQCIwRH57t18FxcXoZop0uQu0uzlIhJBlF/eWVzuce0sHeqPcDo+evVcg8Q==
  
  vitest@^0.28.4:
    version "0.28.5"
    resolved "https://registry.yarnpkg.com/vitest/-/vitest-0.28.5.tgz#94410a8924cd7189e4f1adffa8c5cde809cbf2f9"
    integrity sha512-pyCQ+wcAOX7mKMcBNkzDwEHRGqQvHUl0XnoHR+3Pb1hytAHISgSxv9h0gUiSiYtISXUU3rMrKiKzFYDrI6ZIHA==
    dependencies:
      "@types/chai" "^4.3.4"
      "@types/chai-subset" "^1.3.3"
      "@types/node" "*"
      "@vitest/expect" "0.28.5"
      "@vitest/runner" "0.28.5"
      "@vitest/spy" "0.28.5"
      "@vitest/utils" "0.28.5"
      acorn "^8.8.1"
      acorn-walk "^8.2.0"
      cac "^6.7.14"
      chai "^4.3.7"
      debug "^4.3.4"
      local-pkg "^0.4.2"
      pathe "^1.1.0"
      picocolors "^1.0.0"
      source-map "^0.6.1"
      std-env "^3.3.1"
      strip-literal "^1.0.0"
      tinybench "^2.3.1"
      tinypool "^0.3.1"
      tinyspy "^1.0.2"
      vite "^3.0.0 || ^4.0.0"
      vite-node "0.28.5"
      why-is-node-running "^2.2.2"
  
  which@^2.0.2:
    version "2.0.2"
    resolved "https://registry.yarnpkg.com/which/-/which-2.0.2.tgz#7c6a8dd0a636a0327e10b59c9286eee93f3f51b1"
    integrity sha512-BLI3Tl1TW3Pvl70l3yq3Y64i+awpwXqsGBYWkkqMtnbXgrMD+yj7rhW0kuEDxzJaYXGjEW5ogapKNMEKNMjibA==
    dependencies:
      isexe "^2.0.0"
  
  why-is-node-running@^2.2.2:
    version "2.3.0"
    resolved "https://registry.yarnpkg.com/why-is-node-running/-/why-is-node-running-2.3.0.tgz#a3f69a97107f494b3cdc3bdddd883a7d65cebf04"
    integrity sha512-hUrmaWBdVDcxvYqnyh09zunKzROWjbZTiNy8dBEjkS7ehEDQibXJ7XvlmtbwuTclUiIyN+CyXQD4Vmko8fNm8w==
    dependencies:
      siginfo "^2.0.0"
      stackback "0.0.2"
  
  winston-transport@^4.9.0:
    version "4.9.0"
    resolved "https://registry.yarnpkg.com/winston-transport/-/winston-transport-4.9.0.tgz#3bba345de10297654ea6f33519424560003b3bf9"
    integrity sha512-8drMJ4rkgaPo1Me4zD/3WLfI/zPdA9o2IipKODunnGDcuqbHwjsbB79ylv04LCGGzU0xQ6vTznOMpQGaLhhm6A==
    dependencies:
      logform "^2.7.0"
      readable-stream "^3.6.2"
      triple-beam "^1.3.0"
  
  winston@^3.8.2:
    version "3.17.0"
    resolved "https://registry.yarnpkg.com/winston/-/winston-3.17.0.tgz#74b8665ce9b4ea7b29d0922cfccf852a08a11423"
    integrity sha512-DLiFIXYC5fMPxaRg832S6F5mJYvePtmO5G9v9IgUFPhXm9/GkXarH/TUrBAVzhTCzAj9anE/+GjrgXp/54nOgw==
    dependencies:
      "@colors/colors" "^1.6.0"
      "@dabh/diagnostics" "^2.0.2"
      async "^3.2.3"
      is-stream "^2.0.0"
      logform "^2.7.0"
      one-time "^1.0.0"
      readable-stream "^3.4.0"
      safe-stable-stringify "^2.3.1"
      stack-trace "0.0.x"
      triple-beam "^1.3.0"
      winston-transport "^4.9.0"
  
  wrap-ansi@^7.0.0:
    version "7.0.0"
    resolved "https://registry.yarnpkg.com/wrap-ansi/-/wrap-ansi-7.0.0.tgz#67e145cff510a6a6984bdf1152911d69d2eb9e43"
    integrity sha512-YVGIj2kamLSTxw6NsZjoBxfSwsn0ycdesmc4p+Q21c5zPuZ1pl+NfxVdxPtdHvmNVOQ6XSYG4AUtyt/Fi7D16Q==
    dependencies:
      ansi-styles "^4.0.0"
      string-width "^4.1.0"
      strip-ansi "^6.0.0"
  
  wrappy@1:
    version "1.0.2"
    resolved "https://registry.yarnpkg.com/wrappy/-/wrappy-1.0.2.tgz#b5243d8f3ec1aa35f1364605bc0d1036e30ab69f"
    integrity sha512-l4Sp/DRseor9wL6EvV2+TuQn63dMkPjZ/sp9XkghTEbV9KlPS1xUsZ3u7/IQO4wxtcFB4bgpQPRcR3QCvezPcQ==
  
  ws@^8.11.0, ws@^8.14.2:
    version "8.18.1"
    resolved "https://registry.yarnpkg.com/ws/-/ws-8.18.1.tgz#ea131d3784e1dfdff91adb0a4a116b127515e3cb"
    integrity sha512-RKW2aJZMXeMxVpnZ6bck+RswznaxmzdULiBr6KY7XkTnW8uvt0iT9H5DkHUChXrc+uurzwa0rVI16n/Xzjdz1w==
  
  xmlbuilder@^13.0.2:
    version "13.0.2"
    resolved "https://registry.yarnpkg.com/xmlbuilder/-/xmlbuilder-13.0.2.tgz#02ae33614b6a047d1c32b5389c1fdacb2bce47a7"
    integrity sha512-Eux0i2QdDYKbdbA6AM6xE4m6ZTZr4G4xF9kahI2ukSEMCzwce2eX9WlTI5J3s+NU7hpasFsr8hWIONae7LluAQ==
  
  y18n@^5.0.5:
    version "5.0.8"
    resolved "https://registry.yarnpkg.com/y18n/-/y18n-5.0.8.tgz#7f4934d0f7ca8c56f95314939ddcd2dd91ce1d55"
    integrity sha512-0pfFzegeDWJHJIAmTLRP2DwHjdF5s7jo9tuztdQxAhINCdvS+3nGINqPd00AphqJR/0LhANUS6/+7SCb98YOfA==
  
  yargs-parser@^20.2.2:
    version "20.2.9"
    resolved "https://registry.yarnpkg.com/yargs-parser/-/yargs-parser-20.2.9.tgz#2eb7dc3b0289718fc295f362753845c41a0c94ee"
    integrity sha512-y11nGElTIV+CT3Zv9t7VKl+Q3hTQoT9a1Qzezhhl6Rp21gJ/IVTW7Z3y9EWXhuUBC2Shnf+DX0antecpAwSP8w==
  
  yargs@^16.2.0:
    version "16.2.0"
    resolved "https://registry.yarnpkg.com/yargs/-/yargs-16.2.0.tgz#1c82bf0f6b6a66eafce7ef30e376f49a12477f66"
    integrity sha512-D1mvvtDG0L5ft/jGWkLpG1+m0eQxOfaBvTNELraWj22wSVUMWxZUvYgJYcKh6jGGIkJFhH4IZPQhR4TKpc8mBw==
    dependencies:
      cliui "^7.0.2"
      escalade "^3.1.1"
      get-caller-file "^2.0.5"
      require-directory "^2.1.1"
      string-width "^4.2.0"
      y18n "^5.0.5"
      yargs-parser "^20.2.2"
  
  yauzl@^2.10.0:
    version "2.10.0"
    resolved "https://registry.yarnpkg.com/yauzl/-/yauzl-2.10.0.tgz#c7eb17c93e112cb1086fa6d8e51fb0667b79a5f9"
    integrity sha512-p4a9I6X6nu6IhoGmBqAcbJy1mlC4j27vEPZX9F4L4/vZT3Lyq1VkFHw/V/PUcB9Buo+DG3iHkT0x3Qya58zc3g==
    dependencies:
      buffer-crc32 "~0.2.3"
      fd-slicer "~1.1.0"
  
  yn@3.1.1:
    version "3.1.1"
    resolved "https://registry.yarnpkg.com/yn/-/yn-3.1.1.tgz#1e87401a09d767c1d5eab26a6e4c185182d2eb50"
    integrity sha512-Ux4ygGWsu2c7isFWe8Yu1YluJmqVhxqK2cLXNQA5AcC3QfbGNpM7fu0Y8b/z16pXLnFxZYvWhd3fhBY9DLmC6Q==
  
  yocto-queue@^1.0.0:
    version "1.2.1"
    resolved "https://registry.yarnpkg.com/yocto-queue/-/yocto-queue-1.2.1.tgz#36d7c4739f775b3cbc28e6136e21aa057adec418"
    integrity sha512-AyeEbWOu/TAXdxlV9wmGcR0+yh2j3vYPGOECcIj2S7MkrLyC7ne+oye2BKTItt0ii2PHk4cDy+95+LshzbXnGg==
  
  zip-stream@^4.1.0:
    version "4.1.1"
    resolved "https://registry.yarnpkg.com/zip-stream/-/zip-stream-4.1.1.tgz#1337fe974dbaffd2fa9a1ba09662a66932bd7135"
    integrity sha512-9qv4rlDiopXg4E69k+vMHjNN63YFMe9sZMrdlvKnCjlCRWeCBswPPMPUfx+ipsAWq1LXHe70RcbaHdJJpS6hyQ==
    dependencies:
      archiver-utils "^3.0.4"
      compress-commons "^4.1.2"
      readable-stream "^3.6.0"
